power_W,shaft,index,x_mm,d_mm,M_Nmm,V_N,T_Nmm,v_mm,u_mm,theta_xz_rad,theta_xy_rad,phi_rad,sigma_b_MPa,tau_MPa
10471.9755,shaft_1,0,0.0,20.0,1.8432486251015273e-10,9.26940689725501e-11,-99.99999988573335,0.020582084876719586,0.0,0.001934083327904264,0.0007039487619476694,0.0,2.346897040257983e-13,-63.66197716401372
10471.9755,shaft_1,1,4.0,20.0,1.8432486251015273e-10,9.26940689725501e-11,-99.99999988573335,0.012349250926031738,0.0,0.0019340833279042635,0.0007039487619476693,-0.00031527836309797275,2.346897040257983e-13,-63.66197716401372
10471.9755,shaft_1,2,10.0,20.0,7.166812122317862e-10,8.792040891708968e-12,-99.99999988573335,0.0,0.0,0.0019340833279042609,0.000703948761947669,-0.0007881959077449318,9.125068603822439e-13,-63.66197716401372
10471.9755,shaft_1,3,16.0,20.0,7981.3332844513125,2660.444428150205,-99.99999988573335,0.012971884191870578,0.0,0.001906799623405391,0.0006940183056295664,-0.001261113452391891,10.162149157474389,-63.66197716401372
10471.9755,shaft_1,4,20.0,28.0,21283.555425201546,2660.44442814979,-99.99999988573335,0.021458503031570354,0.0,0.0018582952598518488,0.0006763641610640515,-0.0015763918154898637,9.87575233962435,-23.20042899563182
10471.9755,shaft_1,5,85.0,25.0,113068.88819636892,2660.4444281497813,-99.99999988573335,0.11622452621575682,0.0,0.0007683091186879921,0.00027964164991772854,-0.0029100219176197203,73.70945522219816,-32.59493230797503
10471.9755,shaft_1,6,92.5,25.0,209509.99871679835,2660.4444281496912,-99.99999988573335,0.12146109780699761,0.0,0.00040161613022326743,0.00014617631700244857,-0.0031521557004789633,136.57928467642412,-32.59493230797503
10471.9755,shaft_1,7,100.0,25.0,229463.3319279216,2660.444428149816,0.0,0.1236316038238697,0.0,-1.710364107848085e-18,-5.131092323544255e-19,-0.0033942894833382063,149.58683559798806,0.0
10471.9755,shaft_1,8,107.5,25.0,229463.3319279215,2660.444428149823,0.0,0.12146109780699758,0.0,-0.0004016161302232707,-0.0001461763170024498,-0.0033942894833382063,149.586835597988,0.0
10471.9755,shaft_1,9,115.0,28.0,209509.99871679908,2660.4444281495657,0.0,0.11622452621575678,0.0,-0.0007683091186879966,-0.00027964164991773005,-0.0033942894833382063,97.21443709316391,0.0
10471.9755,shaft_1,10,180.0,20.0,113068.88819636815,2660.4444281498318,0.0,0.02145850303157019,0.0,-0.0018582952598518458,-0.0006763641610640503,-0.0033942894833382063,143.96377973085478,0.0
10471.9755,shaft_1,11,184.0,20.0,21283.555425199178,2660.4444281498704,0.0,0.012971884191870427,0.0,-0.0019067996234053823,-0.0006940183056295639,-0.0033942894833382063,27.0990644199262,0.0
10471.9755,shaft_1,12,190.0,20.0,7981.333284449769,2660.444428149912,0.0,0.0,0.0,-0.0019340833279042466,-0.0007039487619476654,-0.0033942894833382063,10.162149157472424,0.0
10471.9755,shaft_1,13,196.0,20.0,1.8432486251015273e-10,1.56138481550114e-11,0.0,0.012349250926031645,0.0,-0.0019340833279042461,-0.0007039487619476651,-0.0033942894833382063,2.346897040257983e-13,0.0
10471.9755,shaft_1,14,200.0,20.0,9.996419202922071e-11,4.666667299454967e-11,0.0,0.020582084876719395,0.0,-0.001934083327904246,-0.000703948761947665,-0.0033942894833382063,1.2727836234910336e-13,0.0
10471.9755,shaft_2,0,0.0,20.0,2.2352672869318012e-10,9.485786911825322e-11,0.0,0.02058208487671959,0.0,0.001934083327904264,-0.0007039487619476706,0.0,2.8460307027744486e-13,0.0
10471.9755,shaft_2,1,4.0,20.0,2.2352672869318012e-10,9.485786911825322e-11,0.0,0.012349250926031742,0.0,0.0019340833279042635,-0.0007039487619476702,0.0,2.8460307027744486e-13,0.0
10471.9755,shaft_2,2,10.0,20.0,8.099567429936026e-10,2.3673294596459298e-11,0.0,0.0,0.0,0.0019340833279042609,-0.0007039487619476688,0.0,1.0312689547043497e-12,0.0
10471.9755,shaft_2,3,16.0,20.0,7981.333284451404,2660.4444281501906,0.0,0.012971884191870573,0.0,0.001906799623405391,-0.0006940183056295652,0.0,10.162149157474506,0.0
10471.9755,shaft_2,4,20.0,28.0,21283.555425201594,2660.4444281497995,0.0,0.021458503031570347,0.0,0.0018582952598518488,-0.00067636416106405,0.0,9.875752339624372,0.0
10471.9755,shaft_2,5,85.0,25.0,113068.88819636885,2660.444428149777,0.0,0.1162245262157568,0.0,0.0007683091186879921,-0.00027964164991772886,0.0,73.70945522219812,0.0
10471.9755,shaft_2,6,92.5,25.0,209509.99871679823,2660.4444281496963,0.0,0.12146109780699758,0.0,0.00040161613022326743,-0.0001461763170024495,0.0,136.57928467642404,0.0
10471.9755,shaft_2,7,100.0,25.0,229463.33192792156,2660.4444281498304,-199.9999997714667,0.12363160382386969,0.0,-1.710364107848085e-18,-5.131092323544255e-19,0.0,149.58683559798803,-65.18986461595006
10471.9755,shaft_2,8,107.5,25.0,229463.3319279216,2660.4444281498168,-199.9999997714667,0.12146109780699757,0.0,-0.0004016161302232707,0.00014617631700244912,-0.0004842675657184862,149.58683559798806,-65.18986461595006
10471.9755,shaft_2,9,115.0,28.0,209509.99871679908,2660.4444281495907,-199.9999997714667,0.11622452621575678,0.0,-0.0007683091186879966,0.0002796416499177294,-0.0009685351314369724,97.21443709316391,-46.40085799126364
10471.9755,shaft_2,10,180.0,20.0,113068.88819636815,2660.4444281498295,-199.9999997714667,0.021458503031570195,0.0,-0.0018582952598518458,0.0006763641610640497,-0.003635795335696685,143.96377973085478,-127.32395432802744
10471.9755,shaft_2,11,184.0,20.0,21283.555425199225,2660.4444281498677,-199.9999997714667,0.01297188419187043,0.0,-0.0019067996234053823,0.0006940183056295637,-0.004266352061892631,27.09906441992626,-127.32395432802744
10471.9755,shaft_2,12,190.0,20.0,7981.333284449777,2660.4444281499236,-199.9999997714667,0.0,0.0,-0.0019340833279042466,0.0007039487619476651,-0.0052121871511865495,10.162149157472435,-127.32395432802744
10471.9755,shaft_2,13,196.0,20.0,1.9992838405844142e-10,9.829800547409559e-12,-199.9999997714667,0.012349250926031643,0.0,-0.0019340833279042461,0.0007039487619476648,-0.006158022240480468,2.545567246982067e-13,-127.32395432802744
10471.9755,shaft_2,14,200.0,20.0,9.996419202922071e-11,4.0876262845377086e-11,0.0,0.020582084876719395,0.0,-0.001934083327904246,0.0007039487619476647,-0.006788578966676413,1.2727836234910336e-13,0.0
