s_mm,shaft,label,kind,j,phi_deg,Q_N,alpha_j_deg
0.0,shaft_1,shaft_1_roller_bearing_2,roller,0,0.0,810.697780044092,0.0
0.0,shaft_1,shaft_1_roller_bearing_2,roller,1,25.714285714285715,706.3566022565947,0.0
0.0,shaft_1,shaft_1_roller_bearing_2,roller,2,51.42857142857143,428.81291485093556,0.0
0.0,shaft_1,shaft_1_roller_bearing_2,roller,3,77.14285714285714,94.85640785438294,0.0
0.0,shaft_1,shaft_1_roller_bearing_2,roller,4,102.85714285714286,0.0,0.0
0.0,shaft_1,shaft_1_roller_bearing_2,roller,5,128.57142857142858,0.0,0.0
0.0,shaft_1,shaft_1_roller_bearing_2,roller,6,154.28571428571428,0.0,0.0
0.0,shaft_1,shaft_1_roller_bearing_2,roller,7,-180.0,0.0,0.0
0.0,shaft_1,shaft_1_roller_bearing_2,roller,8,-154.28571428571428,0.0,0.0
0.0,shaft_1,shaft_1_roller_bearing_2,roller,9,-128.57142857142858,0.0,0.0
0.0,shaft_1,shaft_1_roller_bearing_2,roller,10,-102.85714285714286,0.0,0.0
0.0,shaft_1,shaft_1_roller_bearing_2,roller,11,-77.14285714285714,94.85640785438278,0.0
0.0,shaft_1,shaft_1_roller_bearing_2,roller,12,-51.42857142857143,428.8129148509354,0.0
0.0,shaft_1,shaft_1_roller_bearing_2,roller,13,-25.714285714285715,706.3566022565947,0.0
0.0,shaft_2,shaft_2_roller_bearing_2,roller,0,0.0,810.6977800440972,0.0
0.0,shaft_2,shaft_2_roller_bearing_2,roller,1,25.714285714285715,706.3566022565991,0.0
0.0,shaft_2,shaft_2_roller_bearing_2,roller,2,51.42857142857143,428.81291485093845,0.0
0.0,shaft_2,shaft_2_roller_bearing_2,roller,3,77.14285714285714,94.85640785438363,0.0
0.0,shaft_2,shaft_2_roller_bearing_2,roller,4,102.85714285714286,0.0,0.0
0.0,shaft_2,shaft_2_roller_bearing_2,roller,5,128.57142857142858,0.0,0.0
0.0,shaft_2,shaft_2_roller_bearing_2,roller,6,154.28571428571428,0.0,0.0
0.0,shaft_2,shaft_2_roller_bearing_2,roller,7,-180.0,0.0,0.0
0.0,shaft_2,shaft_2_roller_bearing_2,roller,8,-154.28571428571428,0.0,0.0
0.0,shaft_2,shaft_2_roller_bearing_2,roller,9,-128.57142857142858,0.0,0.0
0.0,shaft_2,shaft_2_roller_bearing_2,roller,10,-102.85714285714286,0.0,0.0
0.0,shaft_2,shaft_2_roller_bearing_2,roller,11,-77.14285714285714,94.85640785438349,0.0
0.0,shaft_2,shaft_2_roller_bearing_2,roller,12,-51.42857142857143,428.81291485093817,0.0
0.0,shaft_2,shaft_2_roller_bearing_2,roller,13,-25.714285714285715,706.3566022565991,0.0
0.005,shaft_1,shaft_1_roller_bearing_2,roller,0,0.0,864.1780866373622,0.0
0.005,shaft_1,shaft_1_roller_bearing_2,roller,1,25.714285714285715,730.4177656580512,0.0
0.005,shaft_1,shaft_1_roller_bearing_2,roller,2,51.42857142857143,380.34779365423617,0.0
0.005,shaft_1,shaft_1_roller_bearing_2,roller,3,77.14285714285714,13.06183998386895,0.0
0.005,shaft_1,shaft_1_roller_bearing_2,roller,4,102.85714285714286,0.0,0.0
0.005,shaft_1,shaft_1_roller_bearing_2,roller,5,128.57142857142858,0.0,0.0
0.005,shaft_1,shaft_1_roller_bearing_2,roller,6,154.28571428571428,0.0,0.0
0.005,shaft_1,shaft_1_roller_bearing_2,roller,7,-180.0,0.0,0.0
0.005,shaft_1,shaft_1_roller_bearing_2,roller,8,-154.28571428571428,0.0,0.0
0.005,shaft_1,shaft_1_roller_bearing_2,roller,9,-128.57142857142858,0.0,0.0
0.005,shaft_1,shaft_1_roller_bearing_2,roller,10,-102.85714285714286,0.0,0.0
0.005,shaft_1,shaft_1_roller_bearing_2,roller,11,-77.14285714285714,13.061839983868857,0.0
0.005,shaft_1,shaft_1_roller_bearing_2,roller,12,-51.42857142857143,380.34779365423583,0.0
0.005,shaft_1,shaft_1_roller_bearing_2,roller,13,-25.714285714285715,730.4177656580509,0.0
0.005,shaft_2,shaft_2_roller_bearing_2,roller,0,0.0,864.1780866373674,0.0
0.005,shaft_2,shaft_2_roller_bearing_2,roller,1,25.714285714285715,730.4177656580557,0.0
0.005,shaft_2,shaft_2_roller_bearing_2,roller,2,51.42857142857143,380.3477936542388,0.0
0.005,shaft_2,shaft_2_roller_bearing_2,roller,3,77.14285714285714,13.061839983869309,0.0
0.005,shaft_2,shaft_2_roller_bearing_2,roller,4,102.85714285714286,0.0,0.0
0.005,shaft_2,shaft_2_roller_bearing_2,roller,5,128.57142857142858,0.0,0.0
0.005,shaft_2,shaft_2_roller_bearing_2,roller,6,154.28571428571428,0.0,0.0
0.005,shaft_2,shaft_2_roller_bearing_2,roller,7,-180.0,0.0,0.0
0.005,shaft_2,shaft_2_roller_bearing_2,roller,8,-154.28571428571428,0.0,0.0
0.005,shaft_2,shaft_2_roller_bearing_2,roller,9,-128.57142857142858,0.0,0.0
0.005,shaft_2,shaft_2_roller_bearing_2,roller,10,-102.85714285714286,0.0,0.0
0.005,shaft_2,shaft_2_roller_bearing_2,roller,11,-77.14285714285714,13.061839983869215,0.0
0.005,shaft_2,shaft_2_roller_bearing_2,roller,12,-51.42857142857143,380.34779365423856,0.0
0.005,shaft_2,shaft_2_roller_bearing_2,roller,13,-25.714285714285715,730.4177656580555,0.0
0.01,shaft_1,shaft_1_roller_bearing_2,roller,0,0.0,907.7635234198996,0.0
0.01,shaft_1,shaft_1_roller_bearing_2,roller,1,25.714285714285715,745.6830579098241,0.0
0.01,shaft_1,shaft_1_roller_bearing_2,roller,2,51.42857142857143,327.99771745340274,0.0
0.01,shaft_1,shaft_1_roller_bearing_2,roller,3,77.14285714285714,0.0,0.0
0.01,shaft_1,shaft_1_roller_bearing_2,roller,4,102.85714285714286,0.0,0.0
0.01,shaft_1,shaft_1_roller_bearing_2,roller,5,128.57142857142858,0.0,0.0
0.01,shaft_1,shaft_1_roller_bearing_2,roller,6,154.28571428571428,0.0,0.0
0.01,shaft_1,shaft_1_roller_bearing_2,roller,7,-180.0,0.0,0.0
0.01,shaft_1,shaft_1_roller_bearing_2,roller,8,-154.28571428571428,0.0,0.0
0.01,shaft_1,shaft_1_roller_bearing_2,roller,9,-128.57142857142858,0.0,0.0
0.01,shaft_1,shaft_1_roller_bearing_2,roller,10,-102.85714285714286,0.0,0.0
0.01,shaft_1,shaft_1_roller_bearing_2,roller,11,-77.14285714285714,0.0,0.0
0.01,shaft_1,shaft_1_roller_bearing_2,roller,12,-51.42857142857143,327.9977174534024,0.0
0.01,shaft_1,shaft_1_roller_bearing_2,roller,13,-25.714285714285715,745.6830579098241,0.0
0.01,shaft_2,shaft_2_roller_bearing_2,roller,0,0.0,907.7635234199046,0.0
0.01,shaft_2,shaft_2_roller_bearing_2,roller,1,25.714285714285715,745.6830579098287,0.0
0.01,shaft_2,shaft_2_roller_bearing_2,roller,2,51.42857142857143,327.9977174534053,0.0
0.01,shaft_2,shaft_2_roller_bearing_2,roller,3,77.14285714285714,0.0,0.0
0.01,shaft_2,shaft_2_roller_bearing_2,roller,4,102.85714285714286,0.0,0.0
0.01,shaft_2,shaft_2_roller_bearing_2,roller,5,128.57142857142858,0.0,0.0
0.01,shaft_2,shaft_2_roller_bearing_2,roller,6,154.28571428571428,0.0,0.0
0.01,shaft_2,shaft_2_roller_bearing_2,roller,7,-180.0,0.0,0.0
0.01,shaft_2,shaft_2_roller_bearing_2,roller,8,-154.28571428571428,0.0,0.0
0.01,shaft_2,shaft_2_roller_bearing_2,roller,9,-128.57142857142858,0.0,0.0
0.01,shaft_2,shaft_2_roller_bearing_2,roller,10,-102.85714285714286,0.0,0.0
0.01,shaft_2,shaft_2_roller_bearing_2,roller,11,-77.14285714285714,0.0,0.0
0.01,shaft_2,shaft_2_roller_bearing_2,roller,12,-51.42857142857143,327.997717453405,0.0
0.01,shaft_2,shaft_2_roller_bearing_2,roller,13,-25.714285714285715,745.6830579098284,0.0
0.015,shaft_1,shaft_1_roller_bearing_2,roller,0,0.0,948.9135325438526,0.0
0.015,shaft_1,shaft_1_roller_bearing_2,roller,1,25.714285714285715,758.6099897196418,0.0
0.015,shaft_1,shaft_1_roller_bearing_2,roller,2,51.42857142857143,276.31801462069126,0.0
0.015,shaft_1,shaft_1_roller_bearing_2,roller,3,77.14285714285714,0.0,0.0
0.015,shaft_1,shaft_1_roller_bearing_2,roller,4,102.85714285714286,0.0,0.0
0.015,shaft_1,shaft_1_roller_bearing_2,roller,5,128.57142857142858,0.0,0.0
0.015,shaft_1,shaft_1_roller_bearing_2,roller,6,154.28571428571428,0.0,0.0
0.015,shaft_1,shaft_1_roller_bearing_2,roller,7,-180.0,0.0,0.0
0.015,shaft_1,shaft_1_roller_bearing_2,roller,8,-154.28571428571428,0.0,0.0
0.015,shaft_1,shaft_1_roller_bearing_2,roller,9,-128.57142857142858,0.0,0.0
0.015,shaft_1,shaft_1_roller_bearing_2,roller,10,-102.85714285714286,0.0,0.0
0.015,shaft_1,shaft_1_roller_bearing_2,roller,11,-77.14285714285714,0.0,0.0
0.015,shaft_1,shaft_1_roller_bearing_2,roller,12,-51.42857142857143,276.31801462069086,0.0
0.015,shaft_1,shaft_1_roller_bearing_2,roller,13,-25.714285714285715,758.6099897196418,0.0
0.015,shaft_2,shaft_2_roller_bearing_2,roller,0,0.0,948.913532543858,0.0
0.015,shaft_2,shaft_2_roller_bearing_2,roller,1,25.714285714285715,758.6099897196467,0.0
0.015,shaft_2,shaft_2_roller_bearing_2,roller,2,51.42857142857143,276.31801462069393,0.0
0.015,shaft_2,shaft_2_roller_bearing_2,roller,3,77.14285714285714,0.0,0.0
0.015,shaft_2,shaft_2_roller_bearing_2,roller,4,102.85714285714286,0.0,0.0
0.015,shaft_2,shaft_2_roller_bearing_2,roller,5,128.57142857142858,0.0,0.0
0.015,shaft_2,shaft_2_roller_bearing_2,roller,6,154.28571428571428,0.0,0.0
0.015,shaft_2,shaft_2_roller_bearing_2,roller,7,-180.0,0.0,0.0
0.015,shaft_2,shaft_2_roller_bearing_2,roller,8,-154.28571428571428,0.0,0.0
0.015,shaft_2,shaft_2_roller_bearing_2,roller,9,-128.57142857142858,0.0,0.0
0.015,shaft_2,shaft_2_roller_bearing_2,roller,10,-102.85714285714286,0.0,0.0
0.015,shaft_2,shaft_2_roller_bearing_2,roller,11,-77.14285714285714,0.0,0.0
0.015,shaft_2,shaft_2_roller_bearing_2,roller,12,-51.42857142857143,276.3180146206935,0.0
0.015,shaft_2,shaft_2_roller_bearing_2,roller,13,-25.714285714285715,758.6099897196464,0.0
0.02,shaft_1,shaft_1_roller_bearing_2,roller,0,0.0,989.4443645893024,0.0
0.02,shaft_1,shaft_1_roller_bearing_2,roller,1,25.714285714285715,770.3983191063244,0.0
0.02,shaft_1,shaft_1_roller_bearing_2,roller,2,51.42857142857143,226.7801814233764,0.0
0.02,shaft_1,shaft_1_roller_bearing_2,roller,3,77.14285714285714,0.0,0.0
0.02,shaft_1,shaft_1_roller_bearing_2,roller,4,102.85714285714286,0.0,0.0
0.02,shaft_1,shaft_1_roller_bearing_2,roller,5,128.57142857142858,0.0,0.0
0.02,shaft_1,shaft_1_roller_bearing_2,roller,6,154.28571428571428,0.0,0.0
0.02,shaft_1,shaft_1_roller_bearing_2,roller,7,-180.0,0.0,0.0
0.02,shaft_1,shaft_1_roller_bearing_2,roller,8,-154.28571428571428,0.0,0.0
0.02,shaft_1,shaft_1_roller_bearing_2,roller,9,-128.57142857142858,0.0,0.0
0.02,shaft_1,shaft_1_roller_bearing_2,roller,10,-102.85714285714286,0.0,0.0
0.02,shaft_1,shaft_1_roller_bearing_2,roller,11,-77.14285714285714,0.0,0.0
0.02,shaft_1,shaft_1_roller_bearing_2,roller,12,-51.42857142857143,226.78018142337604,0.0
0.02,shaft_1,shaft_1_roller_bearing_2,roller,13,-25.714285714285715,770.398319106324,0.0
0.02,shaft_2,shaft_2_roller_bearing_2,roller,0,0.0,989.4443645893076,0.0
0.02,shaft_2,shaft_2_roller_bearing_2,roller,1,25.714285714285715,770.3983191063286,0.0
0.02,shaft_2,shaft_2_roller_bearing_2,roller,2,51.42857142857143,226.78018142337874,0.0
0.02,shaft_2,shaft_2_roller_bearing_2,roller,3,77.14285714285714,0.0,0.0
0.02,shaft_2,shaft_2_roller_bearing_2,roller,4,102.85714285714286,0.0,0.0
0.02,shaft_2,shaft_2_roller_bearing_2,roller,5,128.57142857142858,0.0,0.0
0.02,shaft_2,shaft_2_roller_bearing_2,roller,6,154.28571428571428,0.0,0.0
0.02,shaft_2,shaft_2_roller_bearing_2,roller,7,-180.0,0.0,0.0
0.02,shaft_2,shaft_2_roller_bearing_2,roller,8,-154.28571428571428,0.0,0.0
0.02,shaft_2,shaft_2_roller_bearing_2,roller,9,-128.57142857142858,0.0,0.0
0.02,shaft_2,shaft_2_roller_bearing_2,roller,10,-102.85714285714286,0.0,0.0
0.02,shaft_2,shaft_2_roller_bearing_2,roller,11,-77.14285714285714,0.0,0.0
0.02,shaft_2,shaft_2_roller_bearing_2,roller,12,-51.42857142857143,226.78018142337834,0.0
0.02,shaft_2,shaft_2_roller_bearing_2,roller,13,-25.714285714285715,770.3983191063282,0.0
0.03,shaft_1,shaft_1_roller_bearing_2,roller,0,0.0,1066.9917017471766,0.0
0.03,shaft_1,shaft_1_roller_bearing_2,roller,1,25.714285714285715,790.4092551119218,0.0
0.03,shaft_1,shaft_1_roller_bearing_2,roller,2,51.42857142857143,135.67540510102634,0.0
0.03,shaft_1,shaft_1_roller_bearing_2,roller,3,77.14285714285714,0.0,0.0
0.03,shaft_1,shaft_1_roller_bearing_2,roller,4,102.85714285714286,0.0,0.0
0.03,shaft_1,shaft_1_roller_bearing_2,roller,5,128.57142857142858,0.0,0.0
0.03,shaft_1,shaft_1_roller_bearing_2,roller,6,154.28571428571428,0.0,0.0
0.03,shaft_1,shaft_1_roller_bearing_2,roller,7,-180.0,0.0,0.0
0.03,shaft_1,shaft_1_roller_bearing_2,roller,8,-154.28571428571428,0.0,0.0
0.03,shaft_1,shaft_1_roller_bearing_2,roller,9,-128.57142857142858,0.0,0.0
0.03,shaft_1,shaft_1_roller_bearing_2,roller,10,-102.85714285714286,0.0,0.0
0.03,shaft_1,shaft_1_roller_bearing_2,roller,11,-77.14285714285714,0.0,0.0
0.03,shaft_1,shaft_1_roller_bearing_2,roller,12,-51.42857142857143,135.67540510102594,0.0
0.03,shaft_1,shaft_1_roller_bearing_2,roller,13,-25.714285714285715,790.4092551119217,0.0
0.03,shaft_2,shaft_2_roller_bearing_2,roller,0,0.0,1066.9917017471817,0.0
0.03,shaft_2,shaft_2_roller_bearing_2,roller,1,25.714285714285715,790.4092551119263,0.0
0.03,shaft_2,shaft_2_roller_bearing_2,roller,2,51.42857142857143,135.67540510102822,0.0
0.03,shaft_2,shaft_2_roller_bearing_2,roller,3,77.14285714285714,0.0,0.0
0.03,shaft_2,shaft_2_roller_bearing_2,roller,4,102.85714285714286,0.0,0.0
0.03,shaft_2,shaft_2_roller_bearing_2,roller,5,128.57142857142858,0.0,0.0
0.03,shaft_2,shaft_2_roller_bearing_2,roller,6,154.28571428571428,0.0,0.0
0.03,shaft_2,shaft_2_roller_bearing_2,roller,7,-180.0,0.0,0.0
0.03,shaft_2,shaft_2_roller_bearing_2,roller,8,-154.28571428571428,0.0,0.0
0.03,shaft_2,shaft_2_roller_bearing_2,roller,9,-128.57142857142858,0.0,0.0
0.03,shaft_2,shaft_2_roller_bearing_2,roller,10,-102.85714285714286,0.0,0.0
0.03,shaft_2,shaft_2_roller_bearing_2,roller,11,-77.14285714285714,0.0,0.0
0.03,shaft_2,shaft_2_roller_bearing_2,roller,12,-51.42857142857143,135.6754051010278,0.0
0.03,shaft_2,shaft_2_roller_bearing_2,roller,13,-25.714285714285715,790.409255111926,0.0
0.04,shaft_1,shaft_1_roller_bearing_2,roller,0,0.0,1137.6737114494224,0.0
0.04,shaft_1,shaft_1_roller_bearing_2,roller,1,25.714285714285715,804.0288351911538,0.0
0.04,shaft_1,shaft_1_roller_bearing_2,roller,2,51.42857142857143,59.31197083950443,0.0
0.04,shaft_1,shaft_1_roller_bearing_2,roller,3,77.14285714285714,0.0,0.0
0.04,shaft_1,shaft_1_roller_bearing_2,roller,4,102.85714285714286,0.0,0.0
0.04,shaft_1,shaft_1_roller_bearing_2,roller,5,128.57142857142858,0.0,0.0
0.04,shaft_1,shaft_1_roller_bearing_2,roller,6,154.28571428571428,0.0,0.0
0.04,shaft_1,shaft_1_roller_bearing_2,roller,7,-180.0,0.0,0.0
0.04,shaft_1,shaft_1_roller_bearing_2,roller,8,-154.28571428571428,0.0,0.0
0.04,shaft_1,shaft_1_roller_bearing_2,roller,9,-128.57142857142858,0.0,0.0
0.04,shaft_1,shaft_1_roller_bearing_2,roller,10,-102.85714285714286,0.0,0.0
0.04,shaft_1,shaft_1_roller_bearing_2,roller,11,-77.14285714285714,0.0,0.0
0.04,shaft_1,shaft_1_roller_bearing_2,roller,12,-51.42857142857143,59.3119708395041,0.0
0.04,shaft_1,shaft_1_roller_bearing_2,roller,13,-25.714285714285715,804.0288351911531,0.0
0.04,shaft_2,shaft_2_roller_bearing_2,roller,0,0.0,1137.673711449428,0.0
0.04,shaft_2,shaft_2_roller_bearing_2,roller,1,25.714285714285715,804.0288351911586,0.0
0.04,shaft_2,shaft_2_roller_bearing_2,roller,2,51.42857142857143,59.31197083950602,0.0
0.04,shaft_2,shaft_2_roller_bearing_2,roller,3,77.14285714285714,0.0,0.0
0.04,shaft_2,shaft_2_roller_bearing_2,roller,4,102.85714285714286,0.0,0.0
0.04,shaft_2,shaft_2_roller_bearing_2,roller,5,128.57142857142858,0.0,0.0
0.04,shaft_2,shaft_2_roller_bearing_2,roller,6,154.28571428571428,0.0,0.0
0.04,shaft_2,shaft_2_roller_bearing_2,roller,7,-180.0,0.0,0.0
0.04,shaft_2,shaft_2_roller_bearing_2,roller,8,-154.28571428571428,0.0,0.0
0.04,shaft_2,shaft_2_roller_bearing_2,roller,9,-128.57142857142858,0.0,0.0
0.04,shaft_2,shaft_2_roller_bearing_2,roller,10,-102.85714285714286,0.0,0.0
0.04,shaft_2,shaft_2_roller_bearing_2,roller,11,-77.14285714285714,0.0,0.0
0.04,shaft_2,shaft_2_roller_bearing_2,roller,12,-51.42857142857143,59.31197083950569,0.0
0.04,shaft_2,shaft_2_roller_bearing_2,roller,13,-25.714285714285715,804.0288351911581,0.0
