s_mm,shaft,label,kind,roller_j,k,x_mm,q_N
0.0,shaft_1,shaft_1_roller_bearing_2,roller,0,0,-2.45,7.77094784135197
0.0,shaft_1,shaft_1_roller_bearing_2,roller,0,1,-2.35,14.56964592158222
0.0,shaft_1,shaft_1_roller_bearing_2,roller,0,2,-2.25,17.556498500883073
0.0,shaft_1,shaft_1_roller_bearing_2,roller,0,3,-2.15,19.357574628192687
0.0,shaft_1,shaft_1_roller_bearing_2,roller,0,4,-2.05,20.566659154250278
0.0,shaft_1,shaft_1_roller_bearing_2,roller,0,5,-1.95,21.418033453239005
0.0,shaft_1,shaft_1_roller_bearing_2,roller,0,6,-1.85,22.028685144950813
0.0,shaft_1,shaft_1_roller_bearing_2,roller,0,7,-1.75,22.465565278375117
0.0,shaft_1,shaft_1_roller_bearing_2,roller,0,8,-1.65,22.77059656171106
0.0,shaft_1,shaft_1_roller_bearing_2,roller,0,9,-1.5499999999999998,22.97176452083084
0.0,shaft_1,shaft_1_roller_bearing_2,roller,0,10,-1.45,23.088665010965673
0.0,shaft_1,shaft_1_roller_bearing_2,roller,0,11,-1.3499999999999999,23.135534216789118
0.0,shaft_1,shaft_1_roller_bearing_2,roller,0,12,-1.25,23.12301909365704
0.0,shaft_1,shaft_1_roller_bearing_2,roller,0,13,-1.15,23.059268585567878
0.0,shaft_1,shaft_1_roller_bearing_2,roller,0,14,-1.0499999999999998,22.95063594071088
0.0,shaft_1,shaft_1_roller_bearing_2,roller,0,15,-0.95,22.802147118353336
0.0,shaft_1,shaft_1_roller_bearing_2,roller,0,16,-0.8499999999999999,22.617822572948217
0.0,shaft_1,shaft_1_roller_bearing_2,roller,0,17,-0.75,22.400903814476436
0.0,shaft_1,shaft_1_roller_bearing_2,roller,0,18,-0.6499999999999999,22.15401617534016
0.0,shaft_1,shaft_1_roller_bearing_2,roller,0,19,-0.5499999999999998,21.87928762918646
0.0,shaft_1,shaft_1_roller_bearing_2,roller,0,20,-0.44999999999999973,21.578436536042403
0.0,shaft_1,shaft_1_roller_bearing_2,roller,0,21,-0.3500000000000001,21.25283685408977
0.0,shaft_1,shaft_1_roller_bearing_2,roller,0,22,-0.25,20.903566580926377
0.0,shaft_1,shaft_1_roller_bearing_2,roller,0,23,-0.1499999999999999,20.5314433536665
0.0,shaft_1,shaft_1_roller_bearing_2,roller,0,24,-0.04999999999999982,20.137049888249237
0.0,shaft_1,shaft_1_roller_bearing_2,roller,0,25,0.050000000000000266,19.720751055545218
0.0,shaft_1,shaft_1_roller_bearing_2,roller,0,26,0.15000000000000036,19.28270373749445
0.0,shaft_1,shaft_1_roller_bearing_2,roller,0,27,0.25,18.82286008907778
0.0,shaft_1,shaft_1_roller_bearing_2,roller,0,28,0.3500000000000001,18.340964385900506
0.0,shaft_1,shaft_1_roller_bearing_2,roller,0,29,0.4500000000000002,17.836543209904644
0.0,shaft_1,shaft_1_roller_bearing_2,roller,0,30,0.5500000000000003,17.30888826777351
0.0,shaft_1,shaft_1_roller_bearing_2,roller,0,31,0.6500000000000004,16.75703059280797
0.0,shaft_1,shaft_1_roller_bearing_2,roller,0,32,0.75,16.179704180239355
0.0,shaft_1,shaft_1_roller_bearing_2,roller,0,33,0.8500000000000001,15.575296146163495
0.0,shaft_1,shaft_1_roller_bearing_2,roller,0,34,0.9500000000000002,14.941779125445695
0.0,shaft_1,shaft_1_roller_bearing_2,roller,0,35,1.0500000000000003,14.276619583872787
0.0,shaft_1,shaft_1_roller_bearing_2,roller,0,36,1.1500000000000004,13.576652598931792
0.0,shaft_1,shaft_1_roller_bearing_2,roller,0,37,1.25,12.837908749033096
0.0,shaft_1,shaft_1_roller_bearing_2,roller,0,38,1.35,12.055370780425877
0.0,shaft_1,shaft_1_roller_bearing_2,roller,0,39,1.4500000000000002,11.222624383705226
0.0,shaft_1,shaft_1_roller_bearing_2,roller,0,40,1.5499999999999998,10.331344328411769
0.0,shaft_1,shaft_1_roller_bearing_2,roller,0,41,1.6500000000000004,9.370515779858795
0.0,shaft_1,shaft_1_roller_bearing_2,roller,0,42,1.75,8.325213463207074
0.0,shaft_1,shaft_1_roller_bearing_2,roller,0,43,1.8500000000000005,7.174612858242747
0.0,shaft_1,shaft_1_roller_bearing_2,roller,0,44,1.9500000000000002,5.88862006076323
0.0,shaft_1,shaft_1_roller_bearing_2,roller,0,45,2.05,4.422018895802713
0.0,shaft_1,shaft_1_roller_bearing_2,roller,0,46,2.1500000000000004,2.7052174833259675
0.0,shaft_1,shaft_1_roller_bearing_2,roller,0,47,2.25,0.6539359118218019
0.0,shaft_1,shaft_1_roller_bearing_2,roller,0,48,2.3500000000000005,0.0
0.0,shaft_1,shaft_1_roller_bearing_2,roller,0,49,2.45,0.0
0.0,shaft_2,shaft_2_roller_bearing_2,roller,0,0,-2.45,7.770947841352067
0.0,shaft_2,shaft_2_roller_bearing_2,roller,0,1,-2.35,14.569645921582321
0.0,shaft_2,shaft_2_roller_bearing_2,roller,0,2,-2.25,17.556498500883183
0.0,shaft_2,shaft_2_roller_bearing_2,roller,0,3,-2.15,19.357574628192797
0.0,shaft_2,shaft_2_roller_bearing_2,roller,0,4,-2.05,20.566659154250388
0.0,shaft_2,shaft_2_roller_bearing_2,roller,0,5,-1.95,21.41803345323911
0.0,shaft_2,shaft_2_roller_bearing_2,roller,0,6,-1.85,22.02868514495093
0.0,shaft_2,shaft_2_roller_bearing_2,roller,0,7,-1.75,22.465565278375223
0.0,shaft_2,shaft_2_roller_bearing_2,roller,0,8,-1.65,22.77059656171117
0.0,shaft_2,shaft_2_roller_bearing_2,roller,0,9,-1.5499999999999998,22.97176452083095
0.0,shaft_2,shaft_2_roller_bearing_2,roller,0,10,-1.45,23.08866501096579
0.0,shaft_2,shaft_2_roller_bearing_2,roller,0,11,-1.3499999999999999,23.13553421678923
0.0,shaft_2,shaft_2_roller_bearing_2,roller,0,12,-1.25,23.123019093657152
0.0,shaft_2,shaft_2_roller_bearing_2,roller,0,13,-1.15,23.059268585567988
0.0,shaft_2,shaft_2_roller_bearing_2,roller,0,14,-1.0499999999999998,22.95063594071099
0.0,shaft_2,shaft_2_roller_bearing_2,roller,0,15,-0.95,22.802147118353446
0.0,shaft_2,shaft_2_roller_bearing_2,roller,0,16,-0.8499999999999999,22.61782257294833
0.0,shaft_2,shaft_2_roller_bearing_2,roller,0,17,-0.75,22.400903814476546
0.0,shaft_2,shaft_2_roller_bearing_2,roller,0,18,-0.6499999999999999,22.15401617534027
0.0,shaft_2,shaft_2_roller_bearing_2,roller,0,19,-0.5499999999999998,21.87928762918657
0.0,shaft_2,shaft_2_roller_bearing_2,roller,0,20,-0.44999999999999973,21.578436536042513
0.0,shaft_2,shaft_2_roller_bearing_2,roller,0,21,-0.3500000000000001,21.25283685408988
0.0,shaft_2,shaft_2_roller_bearing_2,roller,0,22,-0.25,20.903566580926483
0.0,shaft_2,shaft_2_roller_bearing_2,roller,0,23,-0.1499999999999999,20.53144335366661
0.0,shaft_2,shaft_2_roller_bearing_2,roller,0,24,-0.04999999999999982,20.137049888249344
0.0,shaft_2,shaft_2_roller_bearing_2,roller,0,25,0.050000000000000266,19.72075105554533
0.0,shaft_2,shaft_2_roller_bearing_2,roller,0,26,0.15000000000000036,19.282703737494558
0.0,shaft_2,shaft_2_roller_bearing_2,roller,0,27,0.25,18.82286008907789
0.0,shaft_2,shaft_2_roller_bearing_2,roller,0,28,0.3500000000000001,18.340964385900612
0.0,shaft_2,shaft_2_roller_bearing_2,roller,0,29,0.4500000000000002,17.83654320990475
0.0,shaft_2,shaft_2_roller_bearing_2,roller,0,30,0.5500000000000003,17.30888826777362
0.0,shaft_2,shaft_2_roller_bearing_2,roller,0,31,0.6500000000000004,16.757030592808075
0.0,shaft_2,shaft_2_roller_bearing_2,roller,0,32,0.75,16.17970418023946
0.0,shaft_2,shaft_2_roller_bearing_2,roller,0,33,0.8500000000000001,15.575296146163602
0.0,shaft_2,shaft_2_roller_bearing_2,roller,0,34,0.9500000000000002,14.941779125445805
0.0,shaft_2,shaft_2_roller_bearing_2,roller,0,35,1.0500000000000003,14.276619583872893
0.0,shaft_2,shaft_2_roller_bearing_2,roller,0,36,1.1500000000000004,13.576652598931897
0.0,shaft_2,shaft_2_roller_bearing_2,roller,0,37,1.25,12.837908749033199
0.0,shaft_2,shaft_2_roller_bearing_2,roller,0,38,1.35,12.055370780425976
0.0,shaft_2,shaft_2_roller_bearing_2,roller,0,39,1.4500000000000002,11.222624383705329
0.0,shaft_2,shaft_2_roller_bearing_2,roller,0,40,1.5499999999999998,10.33134432841187
0.0,shaft_2,shaft_2_roller_bearing_2,roller,0,41,1.6500000000000004,9.370515779858897
0.0,shaft_2,shaft_2_roller_bearing_2,roller,0,42,1.75,8.325213463207175
0.0,shaft_2,shaft_2_roller_bearing_2,roller,0,43,1.8500000000000005,7.174612858242845
0.0,shaft_2,shaft_2_roller_bearing_2,roller,0,44,1.9500000000000002,5.888620060763327
0.0,shaft_2,shaft_2_roller_bearing_2,roller,0,45,2.05,4.422018895802807
0.0,shaft_2,shaft_2_roller_bearing_2,roller,0,46,2.1500000000000004,2.7052174833260567
0.0,shaft_2,shaft_2_roller_bearing_2,roller,0,47,2.25,0.6539359118218793
0.0,shaft_2,shaft_2_roller_bearing_2,roller,0,48,2.3500000000000005,0.0
0.0,shaft_2,shaft_2_roller_bearing_2,roller,0,49,2.45,0.0
0.005,shaft_1,shaft_1_roller_bearing_2,roller,0,0,-2.45,8.815646356437032
0.005,shaft_1,shaft_1_roller_bearing_2,roller,0,1,-2.35,15.679093774710715
0.005,shaft_1,shaft_1_roller_bearing_2,roller,0,2,-2.25,18.68619345159462
0.005,shaft_1,shaft_1_roller_bearing_2,roller,0,3,-2.15,20.498058981718145
0.005,shaft_1,shaft_1_roller_bearing_2,roller,0,4,-2.05,21.713901294793384
0.005,shaft_1,shaft_1_roller_bearing_2,roller,0,5,-1.95,22.56982716978944
0.005,shaft_1,shaft_1_roller_bearing_2,roller,0,6,-1.85,23.18364629132496
0.005,shaft_1,shaft_1_roller_bearing_2,roller,0,7,-1.75,23.622745333527394
0.005,shaft_1,shaft_1_roller_bearing_2,roller,0,8,-1.65,23.929303409310023
0.005,shaft_1,shaft_1_roller_bearing_2,roller,0,9,-1.5499999999999998,24.131468441557992
0.005,shaft_1,shaft_1_roller_bearing_2,roller,0,10,-1.45,24.24894480532703
0.005,shaft_1,shaft_1_roller_bearing_2,roller,0,11,-1.3499999999999999,24.29604417514856
0.005,shaft_1,shaft_1_roller_bearing_2,roller,0,12,-1.25,24.283467633399017
0.005,shaft_1,shaft_1_roller_bearing_2,roller,0,13,-1.15,24.219403810259532
0.005,shaft_1,shaft_1_roller_bearing_2,roller,0,14,-1.0499999999999998,24.110235502241846
0.005,shaft_1,shaft_1_roller_bearing_2,roller,0,15,-0.95,23.961010856463464
0.005,shaft_1,shaft_1_roller_bearing_2,roller,0,16,-0.8499999999999999,23.775767002055584
0.005,shaft_1,shaft_1_roller_bearing_2,roller,0,17,-0.75,23.55775786777435
0.005,shaft_1,shaft_1_roller_bearing_2,roller,0,18,-0.6499999999999999,23.309617818094313
0.005,shaft_1,shaft_1_roller_bearing_2,roller,0,19,-0.5499999999999998,23.033481077004545
0.005,shaft_1,shaft_1_roller_bearing_2,roller,0,20,-0.44999999999999973,22.73106989169678
0.005,shaft_1,shaft_1_roller_bearing_2,roller,0,21,-0.3500000000000001,22.40376002608612
0.005,shaft_1,shaft_1_roller_bearing_2,roller,0,22,-0.25,22.052629378643545
0.005,shaft_1,shaft_1_roller_bearing_2,roller,0,23,-0.1499999999999999,21.678493673506843
0.005,shaft_1,shaft_1_roller_bearing_2,roller,0,24,-0.04999999999999982,21.281931916307315
0.005,shaft_1,shaft_1_roller_bearing_2,roller,0,25,0.050000000000000266,20.863303416753833
0.005,shaft_1,shaft_1_roller_bearing_2,roller,0,26,0.15000000000000036,20.422757519918395
0.005,shaft_1,shaft_1_roller_bearing_2,roller,0,27,0.25,19.960236665054815
0.005,shaft_1,shaft_1_roller_bearing_2,roller,0,28,0.3500000000000001,19.475472938356727
0.005,shaft_1,shaft_1_roller_bearing_2,roller,0,29,0.4500000000000002,18.967977850783964
0.005,shaft_1,shaft_1_roller_bearing_2,roller,0,30,0.5500000000000003,18.437024603297413
0.005,shaft_1,shaft_1_roller_bearing_2,roller,0,31,0.6500000000000004,17.881621542601
0.005,shaft_1,shaft_1_roller_bearing_2,roller,0,32,0.75,17.300474786737574
0.005,shaft_1,shaft_1_roller_bearing_2,roller,0,33,0.8500000000000001,16.691937004941547
0.005,shaft_1,shaft_1_roller_bearing_2,roller,0,34,0.9500000000000002,16.053937905765757
0.005,shaft_1,shaft_1_roller_bearing_2,roller,0,35,1.0500000000000003,15.383889856939817
0.005,shaft_1,shaft_1_roller_bearing_2,roller,0,36,1.1500000000000004,14.678558787192294
0.005,shaft_1,shaft_1_roller_bearing_2,roller,0,37,1.25,13.933885339657932
0.005,shaft_1,shaft_1_roller_bearing_2,roller,0,38,1.35,13.144732791294164
0.005,shaft_1,shaft_1_roller_bearing_2,roller,0,39,1.4500000000000002,12.30452398831146
0.005,shaft_1,shaft_1_roller_bearing_2,roller,0,40,1.5499999999999998,11.404704584886431
0.005,shaft_1,shaft_1_roller_bearing_2,roller,0,41,1.6500000000000004,10.433924361762601
0.005,shaft_1,shaft_1_roller_bearing_2,roller,0,42,1.75,9.376741551977778
0.005,shaft_1,shaft_1_roller_bearing_2,roller,0,43,1.8500000000000005,8.211480944709715
0.005,shaft_1,shaft_1_roller_bearing_2,roller,0,44,1.9500000000000002,6.906510092723203
0.005,shaft_1,shaft_1_roller_bearing_2,roller,0,45,2.05,5.41341008305476
0.005,shaft_1,shaft_1_roller_bearing_2,roller,0,46,2.1500000000000004,3.6540932554559893
0.005,shaft_1,shaft_1_roller_bearing_2,roller,0,47,2.25,1.5033868264125858
0.005,shaft_1,shaft_1_roller_bearing_2,roller,0,48,2.3500000000000005,0.0
0.005,shaft_1,shaft_1_roller_bearing_2,roller,0,49,2.45,0.0
0.005,shaft_2,shaft_2_roller_bearing_2,roller,0,0,-2.45,8.81564635643713
0.005,shaft_2,shaft_2_roller_bearing_2,roller,0,1,-2.35,15.679093774710825
0.005,shaft_2,shaft_2_roller_bearing_2,roller,0,2,-2.25,18.68619345159473
0.005,shaft_2,shaft_2_roller_bearing_2,roller,0,3,-2.15,20.498058981718255
0.005,shaft_2,shaft_2_roller_bearing_2,roller,0,4,-2.05,21.71390129479349
0.005,shaft_2,shaft_2_roller_bearing_2,roller,0,5,-1.95,22.56982716978955
0.005,shaft_2,shaft_2_roller_bearing_2,roller,0,6,-1.85,23.183646291325072
0.005,shaft_2,shaft_2_roller_bearing_2,roller,0,7,-1.75,23.622745333527497
0.005,shaft_2,shaft_2_roller_bearing_2,roller,0,8,-1.65,23.929303409310137
0.005,shaft_2,shaft_2_roller_bearing_2,roller,0,9,-1.5499999999999998,24.131468441558106
0.005,shaft_2,shaft_2_roller_bearing_2,roller,0,10,-1.45,24.248944805327145
0.005,shaft_2,shaft_2_roller_bearing_2,roller,0,11,-1.3499999999999999,24.296044175148666
0.005,shaft_2,shaft_2_roller_bearing_2,roller,0,12,-1.25,24.28346763339913
0.005,shaft_2,shaft_2_roller_bearing_2,roller,0,13,-1.15,24.21940381025964
0.005,shaft_2,shaft_2_roller_bearing_2,roller,0,14,-1.0499999999999998,24.11023550224195
0.005,shaft_2,shaft_2_roller_bearing_2,roller,0,15,-0.95,23.96101085646357
0.005,shaft_2,shaft_2_roller_bearing_2,roller,0,16,-0.8499999999999999,23.775767002055694
0.005,shaft_2,shaft_2_roller_bearing_2,roller,0,17,-0.75,23.55775786777446
0.005,shaft_2,shaft_2_roller_bearing_2,roller,0,18,-0.6499999999999999,23.309617818094427
0.005,shaft_2,shaft_2_roller_bearing_2,roller,0,19,-0.5499999999999998,23.033481077004655
0.005,shaft_2,shaft_2_roller_bearing_2,roller,0,20,-0.44999999999999973,22.73106989169689
0.005,shaft_2,shaft_2_roller_bearing_2,roller,0,21,-0.3500000000000001,22.403760026086232
0.005,shaft_2,shaft_2_roller_bearing_2,roller,0,22,-0.25,22.052629378643655
0.005,shaft_2,shaft_2_roller_bearing_2,roller,0,23,-0.1499999999999999,21.678493673506956
0.005,shaft_2,shaft_2_roller_bearing_2,roller,0,24,-0.04999999999999982,21.281931916307425
0.005,shaft_2,shaft_2_roller_bearing_2,roller,0,25,0.050000000000000266,20.86330341675394
0.005,shaft_2,shaft_2_roller_bearing_2,roller,0,26,0.15000000000000036,20.422757519918505
0.005,shaft_2,shaft_2_roller_bearing_2,roller,0,27,0.25,19.960236665054925
0.005,shaft_2,shaft_2_roller_bearing_2,roller,0,28,0.3500000000000001,19.475472938356834
0.005,shaft_2,shaft_2_roller_bearing_2,roller,0,29,0.4500000000000002,18.967977850784074
0.005,shaft_2,shaft_2_roller_bearing_2,roller,0,30,0.5500000000000003,18.43702460329752
0.005,shaft_2,shaft_2_roller_bearing_2,roller,0,31,0.6500000000000004,17.881621542601106
0.005,shaft_2,shaft_2_roller_bearing_2,roller,0,32,0.75,17.300474786737684
0.005,shaft_2,shaft_2_roller_bearing_2,roller,0,33,0.8500000000000001,16.691937004941654
0.005,shaft_2,shaft_2_roller_bearing_2,roller,0,34,0.9500000000000002,16.053937905765864
0.005,shaft_2,shaft_2_roller_bearing_2,roller,0,35,1.0500000000000003,15.383889856939923
0.005,shaft_2,shaft_2_roller_bearing_2,roller,0,36,1.1500000000000004,14.678558787192399
0.005,shaft_2,shaft_2_roller_bearing_2,roller,0,37,1.25,13.93388533965804
0.005,shaft_2,shaft_2_roller_bearing_2,roller,0,38,1.35,13.144732791294263
0.005,shaft_2,shaft_2_roller_bearing_2,roller,0,39,1.4500000000000002,12.304523988311562
0.005,shaft_2,shaft_2_roller_bearing_2,roller,0,40,1.5499999999999998,11.404704584886534
0.005,shaft_2,shaft_2_roller_bearing_2,roller,0,41,1.6500000000000004,10.433924361762706
0.005,shaft_2,shaft_2_roller_bearing_2,roller,0,42,1.75,9.376741551977883
0.005,shaft_2,shaft_2_roller_bearing_2,roller,0,43,1.8500000000000005,8.211480944709814
0.005,shaft_2,shaft_2_roller_bearing_2,roller,0,44,1.9500000000000002,6.906510092723301
0.005,shaft_2,shaft_2_roller_bearing_2,roller,0,45,2.05,5.413410083054855
0.005,shaft_2,shaft_2_roller_bearing_2,roller,0,46,2.1500000000000004,3.654093255456081
0.005,shaft_2,shaft_2_roller_bearing_2,roller,0,47,2.25,1.5033868264126697
0.005,shaft_2,shaft_2_roller_bearing_2,roller,0,48,2.3500000000000005,0.0
0.005,shaft_2,shaft_2_roller_bearing_2,roller,0,49,2.45,0.0
0.01,shaft_1,shaft_1_roller_bearing_2,roller,0,0,-2.45,9.670136049632438
0.01,shaft_1,shaft_1_roller_bearing_2,roller,0,1,-2.35,16.582540315709327
0.01,shaft_1,shaft_1_roller_bearing_2,roller,0,2,-2.25,19.60525725728801
0.01,shaft_1,shaft_1_roller_bearing_2,roller,0,3,-2.15,21.425490767905043
0.01,shaft_1,shaft_1_roller_bearing_2,roller,0,4,-2.05,22.646588850435528
0.01,shaft_1,shaft_1_roller_bearing_2,roller,0,5,-1.95,23.506060616708623
0.01,shaft_1,shaft_1_roller_bearing_2,roller,0,6,-1.85,24.122350041101292
0.01,shaft_1,shaft_1_roller_bearing_2,roller,0,7,-1.75,24.56318092471581
0.01,shaft_1,shaft_1_roller_bearing_2,roller,0,8,-1.65,24.870931259699905
0.01,shaft_1,shaft_1_roller_bearing_2,roller,0,9,-1.5499999999999998,25.073875162557194
0.01,shaft_1,shaft_1_roller_bearing_2,roller,0,10,-1.45,25.19180146851009
0.01,shaft_1,shaft_1_roller_bearing_2,roller,0,11,-1.3499999999999999,25.23908068956325
0.01,shaft_1,shaft_1_roller_bearing_2,roller,0,12,-1.25,25.226456153943168
0.01,shaft_1,shaft_1_roller_bearing_2,roller,0,13,-1.15,25.162147511639354
0.01,shaft_1,shaft_1_roller_bearing_2,roller,0,14,-1.0499999999999998,25.05256069259311
0.01,shaft_1,shaft_1_roller_bearing_2,roller,0,15,-0.95,24.90276124916461
0.01,shaft_1,shaft_1_roller_bearing_2,roller,0,16,-0.8499999999999999,24.716799424754544
0.01,shaft_1,shaft_1_roller_bearing_2,roller,0,17,-0.75,24.497938950920464
0.01,shaft_1,shaft_1_roller_bearing_2,roller,0,18,-0.6499999999999999,24.24882136180225
0.01,shaft_1,shaft_1_roller_bearing_2,roller,0,19,-0.5499999999999998,23.971585891179625
0.01,shaft_1,shaft_1_roller_bearing_2,roller,0,20,-0.44999999999999973,23.66795796482124
0.01,shaft_1,shaft_1_roller_bearing_2,roller,0,21,-0.3500000000000001,23.3393149167062
0.01,shaft_1,shaft_1_roller_bearing_2,roller,0,22,-0.25,22.986734748325073
0.01,shaft_1,shaft_1_roller_bearing_2,roller,0,23,-0.1499999999999999,22.61103189547307
0.01,shaft_1,shaft_1_roller_bearing_2,roller,0,24,-0.04999999999999982,22.212782702847313
0.01,shaft_1,shaft_1_roller_bearing_2,roller,0,25,0.050000000000000266,21.792342412314913
0.01,shaft_1,shaft_1_roller_bearing_2,roller,0,26,0.15000000000000036,21.349854806291532
0.01,shaft_1,shaft_1_roller_bearing_2,roller,0,27,0.25,20.88525512033181
0.01,shaft_1,shaft_1_roller_bearing_2,roller,0,28,0.3500000000000001,20.398266381912112
0.01,shaft_1,shaft_1_roller_bearing_2,roller,0,29,0.4500000000000002,19.888388891298423
0.01,shaft_1,shaft_1_roller_bearing_2,roller,0,30,0.5500000000000003,19.354882083819795
0.01,shaft_1,shaft_1_roller_bearing_2,roller,0,31,0.6500000000000004,18.79673744260501
0.01,shaft_1,shaft_1_roller_bearing_2,roller,0,32,0.75,18.212640390836402
0.01,shaft_1,shaft_1_roller_bearing_2,roller,0,33,0.8500000000000001,17.600918072868087
0.01,shaft_1,shaft_1_roller_bearing_2,roller,0,34,0.9500000000000002,16.959468464290392
0.01,shaft_1,shaft_1_roller_bearing_2,roller,0,35,1.0500000000000003,16.285664057553486
0.01,shaft_1,shaft_1_roller_bearing_2,roller,0,36,1.1500000000000004,15.576219991421091
0.01,shaft_1,shaft_1_roller_bearing_2,roller,0,37,1.25,14.827011129875642
0.01,shaft_1,shaft_1_roller_bearing_2,roller,0,38,1.35,14.032813812561168
0.01,shaft_1,shaft_1_roller_bearing_2,roller,0,39,1.4500000000000002,13.186933113619872
0.01,shaft_1,shaft_1_roller_bearing_2,roller,0,40,1.5499999999999998,12.280650242115522
0.01,shaft_1,shaft_1_roller_bearing_2,roller,0,41,1.6500000000000004,11.302376554723557
0.01,shaft_1,shaft_1_roller_bearing_2,roller,0,42,1.75,10.23630765004111
0.01,shaft_1,shaft_1_roller_bearing_2,roller,0,43,1.8500000000000005,9.060181022723166
0.01,shaft_1,shaft_1_roller_bearing_2,roller,0,44,1.9500000000000002,7.741327568850701
0.01,shaft_1,shaft_1_roller_bearing_2,roller,0,45,2.05,6.2292522384582325
0.01,shaft_1,shaft_1_roller_bearing_2,roller,0,46,2.1500000000000004,4.44075040893901
0.01,shaft_1,shaft_1_roller_bearing_2,roller,0,47,2.25,2.231094694452051
0.01,shaft_1,shaft_1_roller_bearing_2,roller,0,48,2.3500000000000005,0.0
0.01,shaft_1,shaft_1_roller_bearing_2,roller,0,49,2.45,0.0
0.01,shaft_2,shaft_2_roller_bearing_2,roller,0,0,-2.45,9.670136049632536
0.01,shaft_2,shaft_2_roller_bearing_2,roller,0,1,-2.35,16.582540315709423
0.01,shaft_2,shaft_2_roller_bearing_2,roller,0,2,-2.25,19.605257257288113
0.01,shaft_2,shaft_2_roller_bearing_2,roller,0,3,-2.15,21.42549076790515
0.01,shaft_2,shaft_2_roller_bearing_2,roller,0,4,-2.05,22.646588850435638
0.01,shaft_2,shaft_2_roller_bearing_2,roller,0,5,-1.95,23.506060616708734
0.01,shaft_2,shaft_2_roller_bearing_2,roller,0,6,-1.85,24.122350041101395
0.01,shaft_2,shaft_2_roller_bearing_2,roller,0,7,-1.75,24.56318092471592
0.01,shaft_2,shaft_2_roller_bearing_2,roller,0,8,-1.65,24.870931259700015
0.01,shaft_2,shaft_2_roller_bearing_2,roller,0,9,-1.5499999999999998,25.073875162557304
0.01,shaft_2,shaft_2_roller_bearing_2,roller,0,10,-1.45,25.1918014685102
0.01,shaft_2,shaft_2_roller_bearing_2,roller,0,11,-1.3499999999999999,25.23908068956335
0.01,shaft_2,shaft_2_roller_bearing_2,roller,0,12,-1.25,25.22645615394328
0.01,shaft_2,shaft_2_roller_bearing_2,roller,0,13,-1.15,25.162147511639464
0.01,shaft_2,shaft_2_roller_bearing_2,roller,0,14,-1.0499999999999998,25.052560692593218
0.01,shaft_2,shaft_2_roller_bearing_2,roller,0,15,-0.95,24.902761249164712
0.01,shaft_2,shaft_2_roller_bearing_2,roller,0,16,-0.8499999999999999,24.716799424754655
0.01,shaft_2,shaft_2_roller_bearing_2,roller,0,17,-0.75,24.497938950920574
0.01,shaft_2,shaft_2_roller_bearing_2,roller,0,18,-0.6499999999999999,24.24882136180236
0.01,shaft_2,shaft_2_roller_bearing_2,roller,0,19,-0.5499999999999998,23.971585891179735
0.01,shaft_2,shaft_2_roller_bearing_2,roller,0,20,-0.44999999999999973,23.66795796482135
0.01,shaft_2,shaft_2_roller_bearing_2,roller,0,21,-0.3500000000000001,23.339314916706307
0.01,shaft_2,shaft_2_roller_bearing_2,roller,0,22,-0.25,22.98673474832518
0.01,shaft_2,shaft_2_roller_bearing_2,roller,0,23,-0.1499999999999999,22.611031895473175
0.01,shaft_2,shaft_2_roller_bearing_2,roller,0,24,-0.04999999999999982,22.21278270284742
0.01,shaft_2,shaft_2_roller_bearing_2,roller,0,25,0.050000000000000266,21.79234241231502
0.01,shaft_2,shaft_2_roller_bearing_2,roller,0,26,0.15000000000000036,21.349854806291635
0.01,shaft_2,shaft_2_roller_bearing_2,roller,0,27,0.25,20.885255120331912
0.01,shaft_2,shaft_2_roller_bearing_2,roller,0,28,0.3500000000000001,20.39826638191222
0.01,shaft_2,shaft_2_roller_bearing_2,roller,0,29,0.4500000000000002,19.888388891298526
0.01,shaft_2,shaft_2_roller_bearing_2,roller,0,30,0.5500000000000003,19.354882083819902
0.01,shaft_2,shaft_2_roller_bearing_2,roller,0,31,0.6500000000000004,18.796737442605114
0.01,shaft_2,shaft_2_roller_bearing_2,roller,0,32,0.75,18.212640390836505
0.01,shaft_2,shaft_2_roller_bearing_2,roller,0,33,0.8500000000000001,17.60091807286819
0.01,shaft_2,shaft_2_roller_bearing_2,roller,0,34,0.9500000000000002,16.959468464290495
0.01,shaft_2,shaft_2_roller_bearing_2,roller,0,35,1.0500000000000003,16.285664057553593
0.01,shaft_2,shaft_2_roller_bearing_2,roller,0,36,1.1500000000000004,15.576219991421192
0.01,shaft_2,shaft_2_roller_bearing_2,roller,0,37,1.25,14.827011129875743
0.01,shaft_2,shaft_2_roller_bearing_2,roller,0,38,1.35,14.032813812561269
0.01,shaft_2,shaft_2_roller_bearing_2,roller,0,39,1.4500000000000002,13.186933113619975
0.01,shaft_2,shaft_2_roller_bearing_2,roller,0,40,1.5499999999999998,12.28065024211562
0.01,shaft_2,shaft_2_roller_bearing_2,roller,0,41,1.6500000000000004,11.302376554723654
0.01,shaft_2,shaft_2_roller_bearing_2,roller,0,42,1.75,10.236307650041208
0.01,shaft_2,shaft_2_roller_bearing_2,roller,0,43,1.8500000000000005,9.060181022723263
0.01,shaft_2,shaft_2_roller_bearing_2,roller,0,44,1.9500000000000002,7.741327568850796
0.01,shaft_2,shaft_2_roller_bearing_2,roller,0,45,2.05,6.229252238458327
0.01,shaft_2,shaft_2_roller_bearing_2,roller,0,46,2.1500000000000004,4.440750408939101
0.01,shaft_2,shaft_2_roller_bearing_2,roller,0,47,2.25,2.231094694452136
0.01,shaft_2,shaft_2_roller_bearing_2,roller,0,48,2.3500000000000005,0.0
0.01,shaft_2,shaft_2_roller_bearing_2,roller,0,49,2.45,0.0
0.015,shaft_1,shaft_1_roller_bearing_2,roller,0,0,-2.45,10.478632987314878
0.015,shaft_1,shaft_1_roller_bearing_2,roller,0,1,-2.35,17.43452353484258
0.015,shaft_1,shaft_1_roller_bearing_2,roller,0,2,-2.25,20.471324679165182
0.015,shaft_1,shaft_1_roller_bearing_2,roller,0,3,-2.15,22.299137360207176
0.015,shaft_1,shaft_1_roller_bearing_2,roller,0,4,-2.05,23.5250063105318
0.015,shaft_1,shaft_1_roller_bearing_2,roller,0,5,-1.95,24.387701153871372
0.015,shaft_1,shaft_1_roller_bearing_2,roller,0,6,-1.85,25.00623797362466
0.015,shaft_1,shaft_1_roller_bearing_2,roller,0,7,-1.75,25.448645373760044
0.015,shaft_1,shaft_1_roller_bearing_2,roller,0,8,-1.65,25.757481482763513
0.015,shaft_1,shaft_1_roller_bearing_2,roller,0,9,-1.5499999999999998,25.961134886249617
0.015,shaft_1,shaft_1_roller_bearing_2,roller,0,10,-1.45,26.079471129627194
0.015,shaft_1,shaft_1_roller_bearing_2,roller,0,11,-1.3499999999999999,26.126914225302713
0.015,shaft_1,shaft_1_roller_bearing_2,roller,0,12,-1.25,26.11424595843332
0.015,shaft_1,shaft_1_roller_bearing_2,roller,0,13,-1.15,26.0497142497364
0.015,shaft_1,shaft_1_roller_bearing_2,roller,0,14,-1.0499999999999998,25.939746140015757
0.015,shaft_1,shaft_1_roller_bearing_2,roller,0,15,-0.95,25.78942309021572
0.015,shaft_1,shaft_1_roller_bearing_2,roller,0,16,-0.8499999999999999,25.602807354938253
0.015,shaft_1,shaft_1_roller_bearing_2,roller,0,17,-0.75,25.38317166985197
0.015,shaft_1,shaft_1_roller_bearing_2,roller,0,18,-0.6499999999999999,25.133164183499474
0.015,shaft_1,shaft_1_roller_bearing_2,roller,0,19,-0.5499999999999998,24.854928785898537
0.015,shaft_1,shaft_1_roller_bearing_2,roller,0,20,-0.44999999999999973,24.550193901448846
0.015,shaft_1,shaft_1_roller_bearing_2,roller,0,21,-0.3500000000000001,24.22033840983393
0.015,shaft_1,shaft_1_roller_bearing_2,roller,0,22,-0.25,23.866440536655762
0.015,shaft_1,shaft_1_roller_bearing_2,roller,0,23,-0.1499999999999999,23.489313692365574
0.015,shaft_1,shaft_1_roller_bearing_2,roller,0,24,-0.04999999999999982,23.08953196803944
0.015,shaft_1,shaft_1_roller_bearing_2,roller,0,25,0.050000000000000266,22.667447097584095
0.015,shaft_1,shaft_1_roller_bearing_2,roller,0,26,0.15000000000000036,22.223198027691833
0.015,shaft_1,shaft_1_roller_bearing_2,roller,0,27,0.25,21.756713705817692
0.015,shaft_1,shaft_1_roller_bearing_2,roller,0,28,0.3500000000000001,21.267709235257424
0.015,shaft_1,shaft_1_roller_bearing_2,roller,0,29,0.4500000000000002,20.755675100322364
0.015,shaft_1,shaft_1_roller_bearing_2,roller,0,30,0.5500000000000003,20.21985868139316
0.015,shaft_1,shaft_1_roller_bearing_2,roller,0,31,0.6500000000000004,19.65923670002093
0.015,shaft_1,shaft_1_roller_bearing_2,roller,0,32,0.75,19.072476480521367
0.015,shaft_1,shaft_1_roller_bearing_2,roller,0,33,0.8500000000000001,18.457882873990656
0.015,shaft_1,shaft_1_roller_bearing_2,roller,0,34,0.9500000000000002,17.813326188886645
0.015,shaft_1,shaft_1_roller_bearing_2,roller,0,35,1.0500000000000003,17.136144226492124
0.015,shaft_1,shaft_1_roller_bearing_2,roller,0,36,1.1500000000000004,16.423008054229
0.015,shaft_1,shaft_1_roller_bearing_2,roller,0,37,1.25,15.669735637407582
0.015,shaft_1,shaft_1_roller_bearing_2,roller,0,38,1.35,14.87102839832979
0.015,shaft_1,shaft_1_roller_bearing_2,roller,0,39,1.4500000000000002,14.020090383745634
0.015,shaft_1,shaft_1_roller_bearing_2,roller,0,40,1.5499999999999998,13.108062523331515
0.015,shaft_1,shaft_1_roller_bearing_2,roller,0,41,1.6500000000000004,12.123154199974095
0.015,shaft_1,shaft_1_roller_bearing_2,roller,0,42,1.75,11.049256556390842
0.015,shaft_1,shaft_1_roller_bearing_2,roller,0,43,1.8500000000000005,9.863619877474907
0.015,shaft_1,shaft_1_roller_bearing_2,roller,0,44,1.9500000000000002,8.532729478968502
0.015,shaft_1,shaft_1_roller_bearing_2,roller,0,45,2.05,7.004440358790308
0.015,shaft_1,shaft_1_roller_bearing_2,roller,0,46,2.1500000000000004,5.191666480723575
0.015,shaft_1,shaft_1_roller_bearing_2,roller,0,47,2.25,2.936511899703551
0.015,shaft_1,shaft_1_roller_bearing_2,roller,0,48,2.3500000000000005,0.031329338611310126
0.015,shaft_1,shaft_1_roller_bearing_2,roller,0,49,2.45,0.0
0.015,shaft_2,shaft_2_roller_bearing_2,roller,0,0,-2.45,10.478632987314983
0.015,shaft_2,shaft_2_roller_bearing_2,roller,0,1,-2.35,17.434523534842693
0.015,shaft_2,shaft_2_roller_bearing_2,roller,0,2,-2.25,20.471324679165296
0.015,shaft_2,shaft_2_roller_bearing_2,roller,0,3,-2.15,22.29913736020729
0.015,shaft_2,shaft_2_roller_bearing_2,roller,0,4,-2.05,23.525006310531914
0.015,shaft_2,shaft_2_roller_bearing_2,roller,0,5,-1.95,24.387701153871486
0.015,shaft_2,shaft_2_roller_bearing_2,roller,0,6,-1.85,25.006237973624774
0.015,shaft_2,shaft_2_roller_bearing_2,roller,0,7,-1.75,25.448645373760158
0.015,shaft_2,shaft_2_roller_bearing_2,roller,0,8,-1.65,25.757481482763627
0.015,shaft_2,shaft_2_roller_bearing_2,roller,0,9,-1.5499999999999998,25.96113488624973
0.015,shaft_2,shaft_2_roller_bearing_2,roller,0,10,-1.45,26.079471129627308
0.015,shaft_2,shaft_2_roller_bearing_2,roller,0,11,-1.3499999999999999,26.126914225302826
0.015,shaft_2,shaft_2_roller_bearing_2,roller,0,12,-1.25,26.114245958433433
0.015,shaft_2,shaft_2_roller_bearing_2,roller,0,13,-1.15,26.049714249736514
0.015,shaft_2,shaft_2_roller_bearing_2,roller,0,14,-1.0499999999999998,25.93974614001587
0.015,shaft_2,shaft_2_roller_bearing_2,roller,0,15,-0.95,25.789423090215834
0.015,shaft_2,shaft_2_roller_bearing_2,roller,0,16,-0.8499999999999999,25.602807354938367
0.015,shaft_2,shaft_2_roller_bearing_2,roller,0,17,-0.75,25.383171669852082
0.015,shaft_2,shaft_2_roller_bearing_2,roller,0,18,-0.6499999999999999,25.133164183499588
0.015,shaft_2,shaft_2_roller_bearing_2,roller,0,19,-0.5499999999999998,24.85492878589865
0.015,shaft_2,shaft_2_roller_bearing_2,roller,0,20,-0.44999999999999973,24.550193901448964
0.015,shaft_2,shaft_2_roller_bearing_2,roller,0,21,-0.3500000000000001,24.220338409834042
0.015,shaft_2,shaft_2_roller_bearing_2,roller,0,22,-0.25,23.866440536655876
0.015,shaft_2,shaft_2_roller_bearing_2,roller,0,23,-0.1499999999999999,23.48931369236569
0.015,shaft_2,shaft_2_roller_bearing_2,roller,0,24,-0.04999999999999982,23.089531968039555
0.015,shaft_2,shaft_2_roller_bearing_2,roller,0,25,0.050000000000000266,22.66744709758421
0.015,shaft_2,shaft_2_roller_bearing_2,roller,0,26,0.15000000000000036,22.223198027691947
0.015,shaft_2,shaft_2_roller_bearing_2,roller,0,27,0.25,21.756713705817802
0.015,shaft_2,shaft_2_roller_bearing_2,roller,0,28,0.3500000000000001,21.267709235257534
0.015,shaft_2,shaft_2_roller_bearing_2,roller,0,29,0.4500000000000002,20.75567510032248
0.015,shaft_2,shaft_2_roller_bearing_2,roller,0,30,0.5500000000000003,20.21985868139327
0.015,shaft_2,shaft_2_roller_bearing_2,roller,0,31,0.6500000000000004,19.659236700021044
0.015,shaft_2,shaft_2_roller_bearing_2,roller,0,32,0.75,19.072476480521477
0.015,shaft_2,shaft_2_roller_bearing_2,roller,0,33,0.8500000000000001,18.457882873990766
0.015,shaft_2,shaft_2_roller_bearing_2,roller,0,34,0.9500000000000002,17.813326188886755
0.015,shaft_2,shaft_2_roller_bearing_2,roller,0,35,1.0500000000000003,17.136144226492238
0.015,shaft_2,shaft_2_roller_bearing_2,roller,0,36,1.1500000000000004,16.42300805422911
0.015,shaft_2,shaft_2_roller_bearing_2,roller,0,37,1.25,15.669735637407692
0.015,shaft_2,shaft_2_roller_bearing_2,roller,0,38,1.35,14.871028398329898
0.015,shaft_2,shaft_2_roller_bearing_2,roller,0,39,1.4500000000000002,14.020090383745744
0.015,shaft_2,shaft_2_roller_bearing_2,roller,0,40,1.5499999999999998,13.108062523331622
0.015,shaft_2,shaft_2_roller_bearing_2,roller,0,41,1.6500000000000004,12.1231541999742
0.015,shaft_2,shaft_2_roller_bearing_2,roller,0,42,1.75,11.049256556390949
0.015,shaft_2,shaft_2_roller_bearing_2,roller,0,43,1.8500000000000005,9.863619877475012
0.015,shaft_2,shaft_2_roller_bearing_2,roller,0,44,1.9500000000000002,8.532729478968605
0.015,shaft_2,shaft_2_roller_bearing_2,roller,0,45,2.05,7.00444035879041
0.015,shaft_2,shaft_2_roller_bearing_2,roller,0,46,2.1500000000000004,5.191666480723674
0.015,shaft_2,shaft_2_roller_bearing_2,roller,0,47,2.25,2.9365118997036435
0.015,shaft_2,shaft_2_roller_bearing_2,roller,0,48,2.3500000000000005,0.031329338611369
0.015,shaft_2,shaft_2_roller_bearing_2,roller,0,49,2.45,0.0
0.02,shaft_1,shaft_1_roller_bearing_2,roller,0,0,-2.45,11.267005638486388
0.02,shaft_1,shaft_1_roller_bearing_2,roller,0,1,-2.35,18.262969688517373
0.02,shaft_1,shaft_1_roller_bearing_2,roller,0,2,-2.25,21.312919059959185
0.02,shaft_1,shaft_1_roller_bearing_2,roller,0,3,-2.15,23.147834074262548
0.02,shaft_1,shaft_1_roller_bearing_2,roller,0,4,-2.05,24.37818248591051
0.02,shaft_1,shaft_1_roller_bearing_2,roller,0,5,-1.95,25.243907156086188
0.02,shaft_1,shaft_1_roller_bearing_2,roller,0,6,-1.85,25.86455828453996
0.02,shaft_1,shaft_1_roller_bearing_2,roller,0,7,-1.75,26.308449638027522
0.02,shaft_1,shaft_1_roller_bearing_2,roller,0,8,-1.65,26.618308145893955
0.02,shaft_1,shaft_1_roller_bearing_2,roller,0,9,-1.5499999999999998,26.82262980054599
0.02,shaft_1,shaft_1_roller_bearing_2,roller,0,10,-1.45,26.94135220641758
0.02,shaft_1,shaft_1_roller_bearing_2,roller,0,11,-1.3499999999999999,26.9889496844565
0.02,shaft_1,shaft_1_roller_bearing_2,roller,0,12,-1.25,26.976240218759482
0.02,shaft_1,shaft_1_roller_bearing_2,roller,0,13,-1.15,26.911498368679865
0.02,shaft_1,shaft_1_roller_bearing_2,roller,0,14,-1.0499999999999998,26.801171090364615
0.02,shaft_1,shaft_1_roller_bearing_2,roller,0,15,-0.95,26.65035487349603
0.02,shaft_1,shaft_1_roller_bearing_2,roller,0,16,-0.8499999999999999,26.46312334017462
0.02,shaft_1,shaft_1_roller_bearing_2,roller,0,17,-0.75,26.24275776916279
0.02,shaft_1,shaft_1_roller_bearing_2,roller,0,18,-0.6499999999999999,25.99191260868969
0.02,shaft_1,shaft_1_roller_bearing_2,roller,0,19,-0.5499999999999998,25.712736211824826
0.02,shaft_1,shaft_1_roller_bearing_2,roller,0,20,-0.44999999999999973,25.406959913396843
0.02,shaft_1,shaft_1_roller_bearing_2,roller,0,21,-0.3500000000000001,25.075964145134346
0.02,shaft_1,shaft_1_roller_bearing_2,roller,0,22,-0.25,24.7208274519861
0.02,shaft_1,shaft_1_roller_bearing_2,roller,0,23,-0.1499999999999999,24.342362401572505
0.02,shaft_1,shaft_1_roller_bearing_2,roller,0,24,-0.04999999999999982,23.94114110319371
0.02,shaft_1,shaft_1_roller_bearing_2,roller,0,25,0.050000000000000266,23.51751214966572
0.02,shaft_1,shaft_1_roller_bearing_2,roller,0,26,0.15000000000000036,23.07161012345537
0.02,shaft_1,shaft_1_roller_bearing_2,roller,0,27,0.25,22.603358274158797
0.02,shaft_1,shaft_1_roller_bearing_2,roller,0,28,0.3500000000000001,22.11246450949429
0.02,shaft_1,shaft_1_roller_bearing_2,roller,0,29,0.4500000000000002,21.598410391424572
0.02,shaft_1,shaft_1_roller_bearing_2,roller,0,30,0.5500000000000003,21.060432339899346
0.02,shaft_1,shaft_1_roller_bearing_2,roller,0,31,0.6500000000000004,20.49749365881748
0.02,shaft_1,shaft_1_roller_bearing_2,roller,0,32,0.75,19.908245232990563
0.02,shaft_1,shaft_1_roller_bearing_2,roller,0,33,0.8500000000000001,19.29097168610103
0.02,shaft_1,shaft_1_roller_bearing_2,roller,0,34,0.9500000000000002,18.643518259419352
0.02,shaft_1,shaft_1_roller_bearing_2,roller,0,35,1.0500000000000003,17.963191379616234
0.02,shaft_1,shaft_1_roller_bearing_2,roller,0,36,1.1500000000000004,17.246622343225166
0.02,shaft_1,shaft_1_roller_bearing_2,roller,0,37,1.25,16.48957790378038
0.02,shaft_1,shaft_1_roller_bearing_2,roller,0,38,1.35,15.686692266104595
0.02,shaft_1,shaft_1_roller_bearing_2,roller,0,39,1.4500000000000002,14.831079176309167
0.02,shaft_1,shaft_1_roller_bearing_2,roller,0,40,1.5499999999999998,13.913754757877154
0.02,shaft_1,shaft_1_roller_bearing_2,roller,0,41,1.6500000000000004,12.922749727485886
0.02,shaft_1,shaft_1_roller_bearing_2,roller,0,42,1.75,11.841687870120007
0.02,shaft_1,shaft_1_roller_bearing_2,roller,0,43,1.8500000000000005,10.647395745985463
0.02,shaft_1,shaft_1_roller_bearing_2,roller,0,44,1.9500000000000002,9.305633105993753
0.02,shaft_1,shaft_1_roller_bearing_2,roller,0,45,2.05,7.762867588436897
0.02,shaft_1,shaft_1_roller_bearing_2,roller,0,46,2.1500000000000004,5.928861351198782
0.02,shaft_1,shaft_1_roller_bearing_2,roller,0,47,2.25,3.6358488407185594
0.02,shaft_1,shaft_1_roller_bearing_2,roller,0,48,2.3500000000000005,0.5702705474847386
0.02,shaft_1,shaft_1_roller_bearing_2,roller,0,49,2.45,0.0
0.02,shaft_2,shaft_2_roller_bearing_2,roller,0,0,-2.45,11.267005638486488
0.02,shaft_2,shaft_2_roller_bearing_2,roller,0,1,-2.35,18.262969688517476
0.02,shaft_2,shaft_2_roller_bearing_2,roller,0,2,-2.25,21.31291905995929
0.02,shaft_2,shaft_2_roller_bearing_2,roller,0,3,-2.15,23.147834074262654
0.02,shaft_2,shaft_2_roller_bearing_2,roller,0,4,-2.05,24.378182485910624
0.02,shaft_2,shaft_2_roller_bearing_2,roller,0,5,-1.95,25.243907156086287
0.02,shaft_2,shaft_2_roller_bearing_2,roller,0,6,-1.85,25.86455828454007
0.02,shaft_2,shaft_2_roller_bearing_2,roller,0,7,-1.75,26.308449638027632
0.02,shaft_2,shaft_2_roller_bearing_2,roller,0,8,-1.65,26.618308145894066
0.02,shaft_2,shaft_2_roller_bearing_2,roller,0,9,-1.5499999999999998,26.8226298005461
0.02,shaft_2,shaft_2_roller_bearing_2,roller,0,10,-1.45,26.94135220641769
0.02,shaft_2,shaft_2_roller_bearing_2,roller,0,11,-1.3499999999999999,26.98894968445661
0.02,shaft_2,shaft_2_roller_bearing_2,roller,0,12,-1.25,26.976240218759592
0.02,shaft_2,shaft_2_roller_bearing_2,roller,0,13,-1.15,26.911498368679975
0.02,shaft_2,shaft_2_roller_bearing_2,roller,0,14,-1.0499999999999998,26.801171090364722
0.02,shaft_2,shaft_2_roller_bearing_2,roller,0,15,-0.95,26.650354873496138
0.02,shaft_2,shaft_2_roller_bearing_2,roller,0,16,-0.8499999999999999,26.463123340174725
0.02,shaft_2,shaft_2_roller_bearing_2,roller,0,17,-0.75,26.2427577691629
0.02,shaft_2,shaft_2_roller_bearing_2,roller,0,18,-0.6499999999999999,25.991912608689795
0.02,shaft_2,shaft_2_roller_bearing_2,roller,0,19,-0.5499999999999998,25.712736211824932
0.02,shaft_2,shaft_2_roller_bearing_2,roller,0,20,-0.44999999999999973,25.40695991339695
0.02,shaft_2,shaft_2_roller_bearing_2,roller,0,21,-0.3500000000000001,25.075964145134456
0.02,shaft_2,shaft_2_roller_bearing_2,roller,0,22,-0.25,24.72082745198621
0.02,shaft_2,shaft_2_roller_bearing_2,roller,0,23,-0.1499999999999999,24.34236240157261
0.02,shaft_2,shaft_2_roller_bearing_2,roller,0,24,-0.04999999999999982,23.94114110319382
0.02,shaft_2,shaft_2_roller_bearing_2,roller,0,25,0.050000000000000266,23.517512149665826
0.02,shaft_2,shaft_2_roller_bearing_2,roller,0,26,0.15000000000000036,23.071610123455475
0.02,shaft_2,shaft_2_roller_bearing_2,roller,0,27,0.25,22.603358274158907
0.02,shaft_2,shaft_2_roller_bearing_2,roller,0,28,0.3500000000000001,22.112464509494398
0.02,shaft_2,shaft_2_roller_bearing_2,roller,0,29,0.4500000000000002,21.59841039142468
0.02,shaft_2,shaft_2_roller_bearing_2,roller,0,30,0.5500000000000003,21.060432339899453
0.02,shaft_2,shaft_2_roller_bearing_2,roller,0,31,0.6500000000000004,20.497493658817586
0.02,shaft_2,shaft_2_roller_bearing_2,roller,0,32,0.75,19.90824523299067
0.02,shaft_2,shaft_2_roller_bearing_2,roller,0,33,0.8500000000000001,19.290971686101134
0.02,shaft_2,shaft_2_roller_bearing_2,roller,0,34,0.9500000000000002,18.643518259419455
0.02,shaft_2,shaft_2_roller_bearing_2,roller,0,35,1.0500000000000003,17.963191379616337
0.02,shaft_2,shaft_2_roller_bearing_2,roller,0,36,1.1500000000000004,17.24662234322527
0.02,shaft_2,shaft_2_roller_bearing_2,roller,0,37,1.25,16.489577903780486
0.02,shaft_2,shaft_2_roller_bearing_2,roller,0,38,1.35,15.6866922661047
0.02,shaft_2,shaft_2_roller_bearing_2,roller,0,39,1.4500000000000002,14.83107917630927
0.02,shaft_2,shaft_2_roller_bearing_2,roller,0,40,1.5499999999999998,13.913754757877255
0.02,shaft_2,shaft_2_roller_bearing_2,roller,0,41,1.6500000000000004,12.922749727485986
0.02,shaft_2,shaft_2_roller_bearing_2,roller,0,42,1.75,11.841687870120106
0.02,shaft_2,shaft_2_roller_bearing_2,roller,0,43,1.8500000000000005,10.647395745985563
0.02,shaft_2,shaft_2_roller_bearing_2,roller,0,44,1.9500000000000002,9.305633105993849
0.02,shaft_2,shaft_2_roller_bearing_2,roller,0,45,2.05,7.762867588436993
0.02,shaft_2,shaft_2_roller_bearing_2,roller,0,46,2.1500000000000004,5.928861351198877
0.02,shaft_2,shaft_2_roller_bearing_2,roller,0,47,2.25,3.6358488407186482
0.02,shaft_2,shaft_2_roller_bearing_2,roller,0,48,2.3500000000000005,0.5702705474848124
0.02,shaft_2,shaft_2_roller_bearing_2,roller,0,49,2.45,0.0
0.03,shaft_1,shaft_1_roller_bearing_2,roller,0,0,-2.45,12.777261758420586
0.03,shaft_1,shaft_1_roller_bearing_2,roller,0,1,-2.35,19.84446588894708
0.03,shaft_1,shaft_1_roller_bearing_2,roller,0,2,-2.25,22.91817089067181
0.03,shaft_1,shaft_1_roller_bearing_2,roller,0,3,-2.15,24.76598077418211
0.03,shaft_1,shaft_1_roller_bearing_2,roller,0,4,-2.05,26.004482689300456
0.03,shaft_1,shaft_1_roller_bearing_2,roller,0,5,-1.95,26.8757308432119
0.03,shaft_1,shaft_1_roller_bearing_2,roller,0,6,-1.85,27.500240404590816
0.03,shaft_1,shaft_1_roller_bearing_2,roller,0,7,-1.75,27.946841750382767
0.03,shaft_1,shaft_1_roller_bearing_2,roller,0,8,-1.65,28.258568259527728
0.03,shaft_1,shaft_1_roller_bearing_2,roller,0,9,-1.5499999999999998,28.464111252174746
0.03,shaft_1,shaft_1_roller_bearing_2,roller,0,10,-1.45,28.583539573134182
0.03,shaft_1,shaft_1_roller_bearing_2,roller,0,11,-1.3499999999999999,28.63141929475016
0.03,shaft_1,shaft_1_roller_bearing_2,roller,0,12,-1.25,28.618634507296843
0.03,shaft_1,shaft_1_roller_bearing_2,roller,0,13,-1.15,28.55350848431079
0.03,shaft_1,shaft_1_roller_bearing_2,roller,0,14,-1.0499999999999998,28.442524657037346
0.03,shaft_1,shaft_1_roller_bearing_2,roller,0,15,-0.95,28.290807090903822
0.03,shaft_1,shaft_1_roller_bearing_2,roller,0,16,-0.8499999999999999,28.102450315056416
0.03,shaft_1,shaft_1_roller_bearing_2,roller,0,17,-0.75,27.8807513718745
0.03,shaft_1,shaft_1_roller_bearing_2,roller,0,18,-0.6499999999999999,27.628376390353406
0.03,shaft_1,shaft_1_roller_bearing_2,roller,0,19,-0.5499999999999998,27.34748206555988
0.03,shaft_1,shaft_1_roller_bearing_2,roller,0,20,-0.44999999999999973,27.039805256709993
0.03,shaft_1,shaft_1_roller_bearing_2,roller,0,21,-0.3500000000000001,26.70672946063375
0.03,shaft_1,shaft_1_roller_bearing_2,roller,0,22,-0.25,26.349334062349147
0.03,shaft_1,shaft_1_roller_bearing_2,roller,0,23,-0.1499999999999999,25.968430379294734
0.03,shaft_1,shaft_1_roller_bearing_2,roller,0,24,-0.04999999999999982,25.564587230301537
0.03,shaft_1,shaft_1_roller_bearing_2,roller,0,25,0.050000000000000266,25.138147849719275
0.03,shaft_1,shaft_1_roller_bearing_2,roller,0,26,0.15000000000000036,24.689239289034475
0.03,shaft_1,shaft_1_roller_bearing_2,roller,0,27,0.25,24.217774907959527
0.03,shaft_1,shaft_1_roller_bearing_2,roller,0,28,0.3500000000000001,23.72345008572087
0.03,shaft_1,shaft_1_roller_bearing_2,roller,0,29,0.4500000000000002,23.205730825047155
0.03,shaft_1,shaft_1_roller_bearing_2,roller,0,30,0.5500000000000003,22.66383442218344
0.03,shaft_1,shaft_1_roller_bearing_2,roller,0,31,0.6500000000000004,22.0967007743808
0.03,shaft_1,shaft_1_roller_bearing_2,roller,0,32,0.75,21.50295211016951
0.03,shaft_1,shaft_1_roller_bearing_2,roller,0,33,0.8500000000000001,20.880837838380867
0.03,shaft_1,shaft_1_roller_bearing_2,roller,0,34,0.9500000000000002,20.228159634320168
0.03,shaft_1,shaft_1_roller_bearing_2,roller,0,35,1.0500000000000003,19.542169514557887
0.03,shaft_1,shaft_1_roller_bearing_2,roller,0,36,1.1500000000000004,18.819429986814168
0.03,shaft_1,shaft_1_roller_bearing_2,roller,0,37,1.25,18.055619508536687
0.03,shaft_1,shaft_1_roller_bearing_2,roller,0,38,1.35,17.245256832670783
0.03,shaft_1,shaft_1_roller_bearing_2,roller,0,39,1.4500000000000002,16.381301313448954
0.03,shaft_1,shaft_1_roller_bearing_2,roller,0,40,1.5499999999999998,15.454556866412396
0.03,shaft_1,shaft_1_roller_bearing_2,roller,0,41,1.6500000000000004,14.45275249215081
0.03,shaft_1,shaft_1_roller_bearing_2,roller,0,42,1.75,13.359064366136211
0.03,shaft_1,shaft_1_roller_bearing_2,roller,0,43,1.8500000000000005,12.149617600718418
0.03,shaft_1,shaft_1_roller_bearing_2,roller,0,44,1.9500000000000002,10.788989214276935
0.03,shaft_1,shaft_1_roller_bearing_2,roller,0,45,2.05,9.22143604980598
0.03,shaft_1,shaft_1_roller_bearing_2,roller,0,46,2.1500000000000004,7.351882634852564
0.03,shaft_1,shaft_1_roller_bearing_2,roller,0,47,2.25,4.998561423435875
0.03,shaft_1,shaft_1_roller_bearing_2,roller,0,48,2.3500000000000005,1.7600015554661954
0.03,shaft_1,shaft_1_roller_bearing_2,roller,0,49,2.45,0.0
0.03,shaft_2,shaft_2_roller_bearing_2,roller,0,0,-2.45,12.777261758420687
0.03,shaft_2,shaft_2_roller_bearing_2,roller,0,1,-2.35,19.84446588894718
0.03,shaft_2,shaft_2_roller_bearing_2,roller,0,2,-2.25,22.918170890671917
0.03,shaft_2,shaft_2_roller_bearing_2,roller,0,3,-2.15,24.76598077418222
0.03,shaft_2,shaft_2_roller_bearing_2,roller,0,4,-2.05,26.004482689300566
0.03,shaft_2,shaft_2_roller_bearing_2,roller,0,5,-1.95,26.87573084321201
0.03,shaft_2,shaft_2_roller_bearing_2,roller,0,6,-1.85,27.500240404590926
0.03,shaft_2,shaft_2_roller_bearing_2,roller,0,7,-1.75,27.946841750382877
0.03,shaft_2,shaft_2_roller_bearing_2,roller,0,8,-1.65,28.258568259527824
0.03,shaft_2,shaft_2_roller_bearing_2,roller,0,9,-1.5499999999999998,28.464111252174856
0.03,shaft_2,shaft_2_roller_bearing_2,roller,0,10,-1.45,28.58353957313429
0.03,shaft_2,shaft_2_roller_bearing_2,roller,0,11,-1.3499999999999999,28.63141929475027
0.03,shaft_2,shaft_2_roller_bearing_2,roller,0,12,-1.25,28.618634507296953
0.03,shaft_2,shaft_2_roller_bearing_2,roller,0,13,-1.15,28.5535084843109
0.03,shaft_2,shaft_2_roller_bearing_2,roller,0,14,-1.0499999999999998,28.442524657037456
0.03,shaft_2,shaft_2_roller_bearing_2,roller,0,15,-0.95,28.290807090903932
0.03,shaft_2,shaft_2_roller_bearing_2,roller,0,16,-0.8499999999999999,28.102450315056522
0.03,shaft_2,shaft_2_roller_bearing_2,roller,0,17,-0.75,27.88075137187461
0.03,shaft_2,shaft_2_roller_bearing_2,roller,0,18,-0.6499999999999999,27.628376390353516
0.03,shaft_2,shaft_2_roller_bearing_2,roller,0,19,-0.5499999999999998,27.34748206555999
0.03,shaft_2,shaft_2_roller_bearing_2,roller,0,20,-0.44999999999999973,27.039805256710103
0.03,shaft_2,shaft_2_roller_bearing_2,roller,0,21,-0.3500000000000001,26.706729460633852
0.03,shaft_2,shaft_2_roller_bearing_2,roller,0,22,-0.25,26.34933406234925
0.03,shaft_2,shaft_2_roller_bearing_2,roller,0,23,-0.1499999999999999,25.968430379294844
0.03,shaft_2,shaft_2_roller_bearing_2,roller,0,24,-0.04999999999999982,25.564587230301647
0.03,shaft_2,shaft_2_roller_bearing_2,roller,0,25,0.050000000000000266,25.138147849719385
0.03,shaft_2,shaft_2_roller_bearing_2,roller,0,26,0.15000000000000036,24.689239289034585
0.03,shaft_2,shaft_2_roller_bearing_2,roller,0,27,0.25,24.217774907959637
0.03,shaft_2,shaft_2_roller_bearing_2,roller,0,28,0.3500000000000001,23.723450085720977
0.03,shaft_2,shaft_2_roller_bearing_2,roller,0,29,0.4500000000000002,23.20573082504726
0.03,shaft_2,shaft_2_roller_bearing_2,roller,0,30,0.5500000000000003,22.663834422183548
0.03,shaft_2,shaft_2_roller_bearing_2,roller,0,31,0.6500000000000004,22.096700774380906
0.03,shaft_2,shaft_2_roller_bearing_2,roller,0,32,0.75,21.502952110169616
0.03,shaft_2,shaft_2_roller_bearing_2,roller,0,33,0.8500000000000001,20.880837838380973
0.03,shaft_2,shaft_2_roller_bearing_2,roller,0,34,0.9500000000000002,20.228159634320274
0.03,shaft_2,shaft_2_roller_bearing_2,roller,0,35,1.0500000000000003,19.54216951455799
0.03,shaft_2,shaft_2_roller_bearing_2,roller,0,36,1.1500000000000004,18.819429986814274
0.03,shaft_2,shaft_2_roller_bearing_2,roller,0,37,1.25,18.055619508536793
0.03,shaft_2,shaft_2_roller_bearing_2,roller,0,38,1.35,17.245256832670886
0.03,shaft_2,shaft_2_roller_bearing_2,roller,0,39,1.4500000000000002,16.38130131344906
0.03,shaft_2,shaft_2_roller_bearing_2,roller,0,40,1.5499999999999998,15.454556866412497
0.03,shaft_2,shaft_2_roller_bearing_2,roller,0,41,1.6500000000000004,14.45275249215091
0.03,shaft_2,shaft_2_roller_bearing_2,roller,0,42,1.75,13.359064366136314
0.03,shaft_2,shaft_2_roller_bearing_2,roller,0,43,1.8500000000000005,12.149617600718518
0.03,shaft_2,shaft_2_roller_bearing_2,roller,0,44,1.9500000000000002,10.788989214277034
0.03,shaft_2,shaft_2_roller_bearing_2,roller,0,45,2.05,9.221436049806078
0.03,shaft_2,shaft_2_roller_bearing_2,roller,0,46,2.1500000000000004,7.351882634852659
0.03,shaft_2,shaft_2_roller_bearing_2,roller,0,47,2.25,4.998561423435967
0.03,shaft_2,shaft_2_roller_bearing_2,roller,0,48,2.3500000000000005,1.760001555466278
0.03,shaft_2,shaft_2_roller_bearing_2,roller,0,49,2.45,0.0
0.04,shaft_1,shaft_1_roller_bearing_2,roller,0,0,-2.45,14.157403986081375
0.04,shaft_1,shaft_1_roller_bearing_2,roller,0,1,-2.35,21.284319812268755
0.04,shaft_1,shaft_1_roller_bearing_2,roller,0,2,-2.25,24.3782920111986
0.04,shaft_1,shaft_1_roller_bearing_2,roller,0,3,-2.15,26.237163700745
0.04,shaft_1,shaft_1_roller_bearing_2,roller,0,4,-2.05,27.4826802488283
0.04,shaft_1,shaft_1_roller_bearing_2,roller,0,5,-1.95,28.35868882619136
0.04,shaft_1,shaft_1_roller_bearing_2,roller,0,6,-1.85,28.98652770344404
0.04,shaft_1,shaft_1_roller_bearing_2,roller,0,7,-1.75,29.435469297163305
0.04,shaft_1,shaft_1_roller_bearing_2,roller,0,8,-1.65,29.748809833224836
0.04,shaft_1,shaft_1_roller_bearing_2,roller,0,9,-1.5499999999999998,29.955408499005298
0.04,shaft_1,shaft_1_roller_bearing_2,roller,0,10,-1.45,30.075447122455664
0.04,shaft_1,shaft_1_roller_bearing_2,roller,0,11,-1.3499999999999999,30.1235708876179
0.04,shaft_1,shaft_1_roller_bearing_2,roller,0,12,-1.25,30.11072097118547
0.04,shaft_1,shaft_1_roller_bearing_2,roller,0,13,-1.15,30.04526278074436
0.04,shaft_1,shaft_1_roller_bearing_2,roller,0,14,-1.0499999999999998,29.933711351165627
0.04,shaft_1,shaft_1_roller_bearing_2,roller,0,15,-0.95,29.781214690715995
0.04,shaft_1,shaft_1_roller_bearing_2,roller,0,16,-0.8499999999999999,29.591885529735254
0.04,shaft_1,shaft_1_roller_bearing_2,roller,0,17,-0.75,29.369034684268705
0.04,shaft_1,shaft_1_roller_bearing_2,roller,0,18,-0.6499999999999999,29.115338544770164
0.04,shaft_1,shaft_1_roller_bearing_2,roller,0,19,-0.5499999999999998,28.832961199211166
0.04,shaft_1,shaft_1_roller_bearing_2,roller,0,20,-0.44999999999999973,28.523644483536373
0.04,shaft_1,shaft_1_roller_bearing_2,roller,0,21,-0.3500000000000001,28.188774767952818
0.04,shaft_1,shaft_1_roller_bearing_2,roller,0,22,-0.25,27.829432414252903
0.04,shaft_1,shaft_1_roller_bearing_2,roller,0,23,-0.1499999999999999,27.4464279420879
0.04,shaft_1,shaft_1_roller_bearing_2,roller,0,24,-0.04999999999999982,27.04032764817371
0.04,shaft_1,shaft_1_roller_bearing_2,roller,0,25,0.050000000000000266,26.611470505387004
0.04,shaft_1,shaft_1_roller_bearing_2,roller,0,26,0.15000000000000036,26.15997748537461
0.04,shaft_1,shaft_1_roller_bearing_2,roller,0,27,0.25,25.685753903035966
0.04,shaft_1,shaft_1_roller_bearing_2,roller,0,28,0.3500000000000001,25.188484904788222
0.04,shaft_1,shaft_1_roller_bearing_2,roller,0,29,0.4500000000000002,24.667623758117493
0.04,shaft_1,shaft_1_roller_bearing_2,roller,0,30,0.5500000000000003,24.122372092727797
0.04,shaft_1,shaft_1_roller_bearing_2,roller,0,31,0.6500000000000004,23.55165063064931
0.04,shaft_1,shaft_1_roller_bearing_2,roller,0,32,0.75,22.954058140531362
0.04,shaft_1,shaft_1_roller_bearing_2,roller,0,33,0.8500000000000001,22.327815238084522
0.04,shaft_1,shaft_1_roller_bearing_2,roller,0,34,0.9500000000000002,21.67068804021366
0.04,shaft_1,shaft_1_roller_bearing_2,roller,0,35,1.0500000000000003,20.979884254967363
0.04,shaft_1,shaft_1_roller_bearing_2,roller,0,36,1.1500000000000004,20.25191052879858
0.04,shaft_1,shaft_1_roller_bearing_2,roller,0,37,1.25,19.482373858090593
0.04,shaft_1,shaft_1_roller_bearing_2,roller,0,38,1.35,18.665699933183962
0.04,shaft_1,shaft_1_roller_bearing_2,roller,0,39,1.4500000000000002,17.794724258269753
0.04,shaft_1,shaft_1_roller_bearing_2,roller,0,40,1.5499999999999998,16.86008151313418
0.04,shaft_1,shaft_1_roller_bearing_2,roller,0,41,1.6500000000000004,15.849261800522251
0.04,shaft_1,shaft_1_roller_bearing_2,roller,0,42,1.75,14.74509005394848
0.04,shaft_1,shaft_1_roller_bearing_2,roller,0,43,1.8500000000000005,13.523147319074322
0.04,shaft_1,shaft_1_roller_bearing_2,roller,0,44,1.9500000000000002,12.147107545007207
0.04,shaft_1,shaft_1_roller_bearing_2,roller,0,45,2.05,10.5595773411454
0.04,shaft_1,shaft_1_roller_bearing_2,roller,0,46,2.1500000000000004,8.661998979213163
0.04,shaft_1,shaft_1_roller_bearing_2,roller,0,47,2.25,6.263220631275502
0.04,shaft_1,shaft_1_roller_bearing_2,roller,0,48,2.3500000000000005,2.9172197978569705
0.04,shaft_1,shaft_1_roller_bearing_2,roller,0,49,2.45,0.0
0.04,shaft_2,shaft_2_roller_bearing_2,roller,0,0,-2.45,14.157403986081485
0.04,shaft_2,shaft_2_roller_bearing_2,roller,0,1,-2.35,21.28431981226887
0.04,shaft_2,shaft_2_roller_bearing_2,roller,0,2,-2.25,24.378292011198713
0.04,shaft_2,shaft_2_roller_bearing_2,roller,0,3,-2.15,26.237163700745118
0.04,shaft_2,shaft_2_roller_bearing_2,roller,0,4,-2.05,27.482680248828412
0.04,shaft_2,shaft_2_roller_bearing_2,roller,0,5,-1.95,28.358688826191475
0.04,shaft_2,shaft_2_roller_bearing_2,roller,0,6,-1.85,28.986527703444157
0.04,shaft_2,shaft_2_roller_bearing_2,roller,0,7,-1.75,29.435469297163426
0.04,shaft_2,shaft_2_roller_bearing_2,roller,0,8,-1.65,29.748809833224954
0.04,shaft_2,shaft_2_roller_bearing_2,roller,0,9,-1.5499999999999998,29.95540849900542
0.04,shaft_2,shaft_2_roller_bearing_2,roller,0,10,-1.45,30.075447122455778
0.04,shaft_2,shaft_2_roller_bearing_2,roller,0,11,-1.3499999999999999,30.123570887618015
0.04,shaft_2,shaft_2_roller_bearing_2,roller,0,12,-1.25,30.110720971185586
0.04,shaft_2,shaft_2_roller_bearing_2,roller,0,13,-1.15,30.04526278074448
0.04,shaft_2,shaft_2_roller_bearing_2,roller,0,14,-1.0499999999999998,29.93371135116574
0.04,shaft_2,shaft_2_roller_bearing_2,roller,0,15,-0.95,29.781214690716112
0.04,shaft_2,shaft_2_roller_bearing_2,roller,0,16,-0.8499999999999999,29.591885529735368
0.04,shaft_2,shaft_2_roller_bearing_2,roller,0,17,-0.75,29.369034684268826
0.04,shaft_2,shaft_2_roller_bearing_2,roller,0,18,-0.6499999999999999,29.115338544770278
0.04,shaft_2,shaft_2_roller_bearing_2,roller,0,19,-0.5499999999999998,28.832961199211287
0.04,shaft_2,shaft_2_roller_bearing_2,roller,0,20,-0.44999999999999973,28.523644483536486
0.04,shaft_2,shaft_2_roller_bearing_2,roller,0,21,-0.3500000000000001,28.188774767952935
0.04,shaft_2,shaft_2_roller_bearing_2,roller,0,22,-0.25,27.829432414253024
0.04,shaft_2,shaft_2_roller_bearing_2,roller,0,23,-0.1499999999999999,27.44642794208802
0.04,shaft_2,shaft_2_roller_bearing_2,roller,0,24,-0.04999999999999982,27.04032764817383
0.04,shaft_2,shaft_2_roller_bearing_2,roller,0,25,0.050000000000000266,26.611470505387118
0.04,shaft_2,shaft_2_roller_bearing_2,roller,0,26,0.15000000000000036,26.159977485374725
0.04,shaft_2,shaft_2_roller_bearing_2,roller,0,27,0.25,25.685753903036083
0.04,shaft_2,shaft_2_roller_bearing_2,roller,0,28,0.3500000000000001,25.188484904788336
0.04,shaft_2,shaft_2_roller_bearing_2,roller,0,29,0.4500000000000002,24.667623758117607
0.04,shaft_2,shaft_2_roller_bearing_2,roller,0,30,0.5500000000000003,24.12237209272791
0.04,shaft_2,shaft_2_roller_bearing_2,roller,0,31,0.6500000000000004,23.551650630649423
0.04,shaft_2,shaft_2_roller_bearing_2,roller,0,32,0.75,22.954058140531476
0.04,shaft_2,shaft_2_roller_bearing_2,roller,0,33,0.8500000000000001,22.327815238084632
0.04,shaft_2,shaft_2_roller_bearing_2,roller,0,34,0.9500000000000002,21.670688040213772
0.04,shaft_2,shaft_2_roller_bearing_2,roller,0,35,1.0500000000000003,20.979884254967477
0.04,shaft_2,shaft_2_roller_bearing_2,roller,0,36,1.1500000000000004,20.251910528798696
0.04,shaft_2,shaft_2_roller_bearing_2,roller,0,37,1.25,19.482373858090703
0.04,shaft_2,shaft_2_roller_bearing_2,roller,0,38,1.35,18.665699933184072
0.04,shaft_2,shaft_2_roller_bearing_2,roller,0,39,1.4500000000000002,17.794724258269863
0.04,shaft_2,shaft_2_roller_bearing_2,roller,0,40,1.5499999999999998,16.86008151313429
0.04,shaft_2,shaft_2_roller_bearing_2,roller,0,41,1.6500000000000004,15.849261800522362
0.04,shaft_2,shaft_2_roller_bearing_2,roller,0,42,1.75,14.745090053948589
0.04,shaft_2,shaft_2_roller_bearing_2,roller,0,43,1.8500000000000005,13.523147319074432
0.04,shaft_2,shaft_2_roller_bearing_2,roller,0,44,1.9500000000000002,12.147107545007314
0.04,shaft_2,shaft_2_roller_bearing_2,roller,0,45,2.05,10.559577341145506
0.04,shaft_2,shaft_2_roller_bearing_2,roller,0,46,2.1500000000000004,8.661998979213266
0.04,shaft_2,shaft_2_roller_bearing_2,roller,0,47,2.25,6.263220631275602
0.04,shaft_2,shaft_2_roller_bearing_2,roller,0,48,2.3500000000000005,2.917219797857063
0.04,shaft_2,shaft_2_roller_bearing_2,roller,0,49,2.45,0.0
