s_mm,shaft,label,kind,position_mm,arrangement,Z,C_N,alpha0_deg,power_W,Fr_N,Fa_N,Fa_over_Fr,Fr_over_C,psi_mrad,delta_r_mm,delta_a_mm,Mz_Nmm,Kr_N_per_mm,Kr_xz_N_per_mm,Kr_xy_N_per_mm,Kr_tangent_N_per_mm,m_defl,p_life,n_loaded,zone_half_angle_deg,alpha_max_deg,Q_max_N,Q_max_over_Fr_per_Z,q_lamina_max_N,lamina_loaded_frac,lamina_peak_over_mean,equil_err_rel,ok,residual,n_iter,L10r_Mrev,L10h_h,postprocessed,error
0.0,shaft_1,shaft_1_ball_bearing_1,ball,10.0,locating,9,8539.125310422138,0.0,10471.9755,2660.4444281502115,0.0,0.0,0.31155936134384826,-2.058208487671955,0.02779139603521647,0.026165978208785426,-245.0141684125618,95729.06754230594,95729.06754230594,95729.067542306,nan,nan,nan,5,80.00000000000001,-1.1213031733655188,1294.621584693059,4.379566864450089,nan,nan,nan,1.983189049394151e-08,True,5.328266564233918e-05,16,32.87908266251844,547.984711041974,True,
0.0,shaft_2,shaft_2_ball_bearing_1,ball,10.0,locating,9,8539.125310422138,0.0,10471.9755,2660.444428150186,0.0,0.0,0.3115593613438453,-2.058208487671955,0.02779139603521665,0.026165978208784704,-245.01416841266249,95729.06754230443,95729.06754230443,95729.06754230443,nan,nan,nan,5,80.00000000000001,-1.1213031733656524,1294.6215846930706,4.37956686445017,nan,nan,nan,1.9831908270567287e-08,True,5.3282713594529627e-05,16,32.879082662517604,1095.96942208392,True,
0.005,shaft_1,shaft_1_ball_bearing_1,ball,10.0,locating,9,8493.450386964822,7.662178848145185,10471.9755,2660.4444281502115,0.0,0.0,0.3132348229446637,-2.058208487671955,0.030811931234009667,-0.010354323411342474,-166.82645948900432,86344.6178671741,86344.6178671741,86344.61786717417,nan,nan,nan,5,80.00000000000001,-0.9679604754967185,1330.1177738258998,4.499646689766226,nan,nan,nan,7.07335179728756e-10,True,2.8167559652442298e-06,28,32.00683945994059,533.4473243323432,True,
0.005,shaft_2,shaft_2_ball_bearing_1,ball,10.0,locating,9,8493.450386964822,7.662178848145185,10471.9755,2660.444428150186,0.0,0.0,0.3132348229446607,-2.058208487671955,0.030811931234008556,-0.010354323411328808,-166.8264594871292,86344.61786717639,86344.61786717639,86344.6178671764,nan,nan,nan,5,80.00000000000001,-0.9679604754941836,1330.1177738258061,4.499646689765951,nan,nan,nan,7.073818433709266e-10,True,2.8169480262020746e-06,28,32.00683945994666,1066.8946486648888,True,
0.01,shaft_1,shaft_1_ball_bearing_1,ball,10.0,locating,9,8447.160006318012,10.844062563696822,10471.9755,2660.4444281502115,0.0,0.0,0.31495134769086236,-2.058208487671955,0.033796410401181476,-0.025017046266148854,-101.39602184782724,78719.73374004259,78719.73374004259,78719.73374004262,nan,nan,nan,5,80.00000000000001,-0.8393458688479547,1363.6655873473223,4.613135368010384,nan,nan,nan,3.4105156996455975e-10,True,9.073983877526036e-07,17,31.23215022988078,520.5358371646797,True,
0.01,shaft_2,shaft_2_ball_bearing_1,ball,10.0,locating,9,8447.160006318012,10.844062563696822,10471.9755,2660.444428150186,0.0,0.0,0.31495134769085936,-2.058208487671955,0.03379641040118108,-0.025017046266148844,-101.3960218478247,78719.73374004274,78719.73374004274,78719.73374004275,nan,nan,nan,5,80.00000000000001,-0.8393458688479538,1363.6655873472946,4.613135368010334,nan,nan,nan,3.410628512846466e-10,True,9.074284003935697e-07,17,31.232150229882734,1041.0716743294245,True,
0.015,shaft_1,shaft_1_ball_bearing_1,ball,10.0,locating,9,8400.252948287138,13.291177243033296,10471.9755,2660.4444281502115,0.0,0.0,0.31671003772483924,-2.058208487671955,0.03672475506935569,-0.036327554834412835,-67.63751720163683,72442.8093019515,72442.8093019515,72442.80930195155,nan,nan,nan,3,40.00000000000001,-0.7667202519154974,1393.8661869850566,4.715300778369507,nan,nan,nan,2.925319797178727e-10,True,2.371629023657867e-06,14,30.66211549338398,511.0352582230663,True,
0.015,shaft_2,shaft_2_ball_bearing_1,ball,10.0,locating,9,8400.252948287138,13.291177243033296,10471.9755,2660.444428150186,0.0,0.0,0.3167100377248362,-2.058208487671955,0.03672475506935541,-0.036327554834408936,-67.63751720110847,72442.80930195138,72442.80930195138,72442.80930195138,nan,nan,nan,3,40.00000000000001,-0.7667202519147756,1393.8661869850328,4.715300778369471,nan,nan,nan,2.925248006960041e-10,True,2.3715858825767817e-06,14,30.662115493385528,1022.0705164461842,True,
0.02,shaft_1,shaft_1_ball_bearing_1,ball,10.0,locating,9,8352.728048733758,15.358885580822717,10471.9755,2660.4444281502115,0.0,0.0,0.31851203734012684,-2.058208487671955,0.0396013687856056,-0.046047819802554464,-67.66138742462695,67180.61798705392,67180.61798705392,67180.61798705396,nan,nan,nan,3,40.00000000000001,-0.7524050341165783,1420.8860343118993,4.806706042606002,nan,nan,nan,1.3308915160769106e-10,True,3.8861717083359953e-07,15,30.270472896750924,504.5078816125154,True,
0.02,shaft_2,shaft_2_ball_bearing_1,ball,10.0,locating,9,8352.728048733758,15.358885580822717,10471.9755,2660.444428150186,0.0,0.0,0.3185120373401238,-2.058208487671955,0.03960136878560547,-0.046047819802554416,-67.66138742462057,67180.61798705351,67180.61798705351,67180.61798705351,nan,nan,nan,3,40.00000000000001,-0.7524050341165697,1420.886034311891,4.806706042606021,nan,nan,nan,1.3308658767130973e-10,True,3.886107753874496e-07,15,30.270472896751503,1009.0157632250501,True,
0.03,shaft_1,shaft_1_ball_bearing_1,ball,10.0,locating,9,8255.820361842609,18.839196970691102,10471.9755,2660.4444281502115,0.0,0.0,0.32225076510221323,-2.058208487671955,0.045346786613589186,-0.062160865663091064,-67.55144987396588,58668.86337108061,58668.86337108061,58668.863371080646,nan,nan,nan,3,40.00000000000001,-0.7236811701731234,1474.8799996034586,4.989361873519903,nan,nan,nan,1.1843145207347615e-09,True,3.839145897877087e-06,16,29.34307815629194,489.0513026048657,True,
0.03,shaft_2,shaft_2_ball_bearing_1,ball,10.0,locating,9,8255.820361842609,18.839196970691102,10471.9755,2660.444428150186,0.0,0.0,0.3222507651022101,-2.058208487671955,0.045346786613589096,-0.0621608656630905,-67.5514498738904,58668.863371080166,58668.863371080166,58668.86337108017,nan,nan,nan,3,40.00000000000001,-0.7236811701730199,1474.8799996034506,4.9893618735199246,nan,nan,nan,1.1843172556002475e-09,True,3.839155018379442e-06,16,29.343078156292496,978.1026052097499,True,
0.04,shaft_1,shaft_1_ball_bearing_1,ball,10.0,locating,9,8156.428837212201,21.78678929826181,10471.9755,2660.4444281502115,0.0,0.0,0.3261776055732167,-2.058208487671955,0.05108174133572343,-0.07552597990454789,-67.22823646159532,52082.101325893134,52082.101325893134,52082.10132589316,nan,nan,nan,3,40.00000000000001,-0.6948322124064429,1528.7790780373107,5.171696712305447,nan,nan,nan,2.3177640134987345e-08,True,8.731162667697429e-05,16,28.26641540863299,471.1069234772165,True,
0.04,shaft_2,shaft_2_ball_bearing_1,ball,10.0,locating,9,8156.428837212201,21.78678929826181,10471.9755,2660.444428150186,0.0,0.0,0.3261776055732135,-2.058208487671955,0.05108174133572344,-0.07552597990454543,-67.22823646126395,52082.10132589262,52082.10132589262,52082.101325892625,nan,nan,nan,3,40.00000000000001,-0.6948322124059905,1528.7790780373148,5.171696712305511,nan,nan,nan,2.317765312559857e-08,True,8.731166824355105e-05,16,28.266415408632735,942.2138469544245,True,
