s_mm,shaft,label,kind,position_mm,arrangement,Z,alpha0_deg,Fr_N,Fa_N,psi_mrad,delta_r_mm,delta_a_mm,Kr_secant_N_per_mm,n_loaded,zone_half_angle_deg,Q_max_N,Q_max_over_Fr_per_Z,Mz_Nmm,q_lamina_max_N,lamina_loaded_frac,lamina_peak_over_mean,equil_err_rel,ok,residual,n_iter,L10r_Mrev,L10h_h,postprocessed,error
0.0,shaft_1,shaft_1_ball_bearing_1,ball,10.0,locating,9,0.0,2660.4444281502115,0.0,-2.058208487671955,0.04416867960972409,0.02620710161404833,60233.73240173775,5,80.00000000000001,1295.2462875791055,4.381680167744428,-227.63329375190392,nan,nan,nan,2.6744591336295393e-11,True,7.964746589270948e-08,17,32.793001701187826,546.5500283531304,True,
0.0,shaft_1,shaft_1_roller_bearing_2,roller,190.0,non-locating,14,0.0,2660.4444281499045,0.0,2.05820848767194,0.010949093352533142,0.0,242983.08019580398,7,77.14285714285714,810.697780044092,4.266117645806274,-1204.6822396685955,23.135534216789118,0.96,1.3698145841049174,6.666234594836199e-15,True,1.77351466845721e-11,10,434.6372200058866,7243.953666764777,True,
0.0,shaft_2,shaft_2_ball_bearing_1,ball,10.0,locating,9,0.0,2660.444428150186,0.0,-2.058208487671955,0.04416867960972401,0.026207101614048794,60233.73240173728,5,80.00000000000001,1295.2462875791032,4.381680167744463,-227.63329375184304,nan,nan,nan,2.6737070456239937e-11,True,7.962740373397874e-08,17,32.79300170118802,1093.1000567062672,True,
0.0,shaft_2,shaft_2_roller_bearing_2,roller,190.0,non-locating,14,0.0,2660.444428149921,0.0,2.05820848767194,0.010949093352533195,0.0,242983.08019580427,7,77.14285714285714,810.6977800440972,4.266117645806274,-1204.6822396685986,23.13553421678923,0.96,1.3698145841049154,6.4953055026608715e-15,True,1.7280399333685637e-11,10,434.6372200058773,14487.907333529241,True,
0.005,shaft_1,shaft_1_ball_bearing_1,ball,10.0,locating,9,7.662178848145185,2660.4444281502115,0.0,-2.058208487671955,0.04719046098028738,-0.010596006209382714,56376.74167373666,5,80.00000000000001,1317.901536657049,4.458320461202187,-178.6245003150603,nan,nan,nan,1.1238092116156525e-10,True,4.0620936724718953e-07,23,32.36807542017589,539.4679236695982,True,
0.005,shaft_1,shaft_1_roller_bearing_2,roller,190.0,non-locating,14,0.0,2660.4444281499045,0.0,2.05820848767194,0.014012967431590079,0.0,189855.89177580917,7,77.14285714285714,864.1780866373622,4.547545923120997,-1197.5949608259048,24.29604417514856,0.96,1.3495020742136814,1.7896275950752563e-13,True,4.761204763781279e-10,10,381.8419307672925,6364.032179454875,True,
0.005,shaft_2,shaft_2_ball_bearing_1,ball,10.0,locating,9,7.662178848145185,2660.444428150186,0.0,-2.058208487671955,0.0471904609802873,-0.010596006209384473,56376.74167373622,5,80.00000000000001,1317.9015366570443,4.458320461202214,-178.62450031528778,nan,nan,nan,1.1237476771424801e-10,True,4.0618519955808165e-07,23,32.36807542017621,1078.9358473392072,True,
0.005,shaft_2,shaft_2_roller_bearing_2,roller,190.0,non-locating,14,0.0,2660.444428149921,0.0,2.05820848767194,0.014012967431590133,0.0,189855.8917758096,7,77.14285714285714,864.1780866373674,4.547545923120996,-1197.5949608259075,24.296044175148666,0.96,1.3495020742136792,1.7862090132317396e-13,True,4.75210981676355e-10,10,381.8419307672847,12728.064358909489,True,
0.01,shaft_1,shaft_1_ball_bearing_1,ball,10.0,locating,9,10.844062563696822,2660.4444281502115,0.0,-2.058208487671955,0.05019079162619966,-0.025455435173781148,53006.62416253774,5,80.00000000000001,1339.8050456993444,4.532417698225748,-133.6097496005054,nan,nan,nan,2.276262720498036e-12,True,1.0541433891276824e-08,22,31.972604863448954,532.8767477241493,True,
0.01,shaft_1,shaft_1_roller_bearing_2,roller,190.0,non-locating,14,0.0,2660.4444281499045,0.0,2.05820848767194,0.016969188480362333,0.0,156780.88738472766,5,51.42857142857143,907.7635234198996,4.7769046379654405,-1189.4231502100606,25.23908068956325,0.96,1.334572101481819,6.27993484652005e-13,True,1.6707417671568692e-09,10,345.55778417428115,5759.296402904686,True,
0.01,shaft_2,shaft_2_ball_bearing_1,ball,10.0,locating,9,10.844062563696822,2660.444428150186,0.0,-2.058208487671955,0.05019079162619934,-0.02545543517378113,53006.62416253756,5,80.00000000000001,1339.8050456993296,4.532417698225742,-133.6097496005025,nan,nan,nan,2.2738697132076043e-12,True,1.0537759982185166e-08,22,31.972604863450062,1065.7534954483353,True,
0.01,shaft_2,shaft_2_roller_bearing_2,roller,190.0,non-locating,14,0.0,2660.444428149921,0.0,2.05820848767194,0.016969188480362385,0.0,156780.88738472812,5,51.42857142857143,907.7635234199046,4.776904637965438,-1189.4231502100638,25.23908068956335,0.96,1.3345721014818173,6.279934846520011e-13,True,1.6707417671568692e-09,10,345.5577841742744,11518.592805809147,True,
0.015,shaft_1,shaft_1_ball_bearing_1,ball,10.0,locating,9,13.291177243033296,2660.4444281502115,0.0,-2.058208487671955,0.053166066309038085,-0.036731152183493695,50040.272166946896,5,80.00000000000001,1360.7861282669637,4.6033944647804494,-95.18565418444355,nan,nan,nan,2.912257395954693e-10,True,7.802763682089654e-07,15,31.623399975845086,527.0566662640848,True,
0.015,shaft_1,shaft_1_roller_bearing_2,roller,190.0,non-locating,14,0.0,2660.4444281499045,0.0,2.05820848767194,0.01989714692809584,0.0,133709.84482168214,5,51.42857142857143,948.9135325438526,4.993447453759555,-1179.1628436461497,26.126914225302713,0.98,1.349141679545675,8.546454608764357e-16,True,2.2737367544323206e-12,11,313.510832897199,5225.18054828665,True,
0.015,shaft_2,shaft_2_ball_bearing_1,ball,10.0,locating,9,13.291177243033296,2660.444428150186,0.0,-2.058208487671955,0.05316606630903715,-0.0367311521834935,50040.272166947296,5,80.00000000000001,1360.7861282669217,4.603394464780352,-95.1856541844171,nan,nan,nan,2.912491568811001e-10,True,7.803384272184984e-07,15,31.623399975848134,1054.1133325282713,True,
0.015,shaft_2,shaft_2_roller_bearing_2,roller,190.0,non-locating,14,0.0,2660.444428149921,0.0,2.05820848767194,0.019897146928095896,0.0,133709.8448216826,5,51.42857142857143,948.913532543858,4.993447453759552,-1179.1628436461529,26.126914225302826,0.98,1.3491416795456732,6.837163687011443e-16,True,1.8189894035458565e-12,11,313.5108328971926,10450.361096573086,True,
0.02,shaft_1,shaft_1_ball_bearing_1,ball,10.0,locating,9,15.358885580822717,2660.4444281502115,0.0,-2.058208487671955,0.05610807253443503,-0.04621733032547061,47416.428830582714,5,80.00000000000001,1380.4739487028808,4.669996263355304,-68.27277688935033,nan,nan,nan,3.1050038774552115e-10,True,2.8375730310847895e-06,14,31.34778326182739,522.4630543637899,True,
0.02,shaft_1,shaft_1_roller_bearing_2,roller,190.0,non-locating,14,0.0,2660.4444281499045,0.0,2.05820848767194,0.022811280132354547,0.0,116628.4580573119,5,51.42857142857143,989.4443645893024,5.206731987212822,-1165.613372759293,26.9889496844565,0.98,1.3365668468760175,8.546454608764357e-16,True,2.2737367544323206e-12,11,284.4083484139744,4740.139140232906,True,
0.02,shaft_2,shaft_2_ball_bearing_1,ball,10.0,locating,9,15.358885580822717,2660.444428150186,0.0,-2.058208487671955,0.056108072534434825,-0.04621733032547108,47416.42883058244,5,80.00000000000001,1380.4739487028685,4.669996263355308,-68.27277688940993,nan,nan,nan,3.105029516819068e-10,True,2.8375793029672073e-06,14,31.347783261828116,1044.9261087276038,True,
0.02,shaft_2,shaft_2_roller_bearing_2,roller,190.0,non-locating,14,0.0,2660.444428149921,0.0,2.05820848767194,0.0228112801323546,0.0,116628.45805731235,5,51.42857142857143,989.4443645893076,5.206731987212818,-1165.6133727592955,26.98894968445661,0.98,1.336566846876016,1.0255745530517165e-15,True,2.7284841053187847e-12,11,284.4083484139692,9480.278280465638,True,
0.03,shaft_1,shaft_1_ball_bearing_1,ball,10.0,locating,9,18.839196970691102,2660.4444281502115,0.0,-2.058208487671955,0.06187049011721292,-0.06235066325702366,43000.21582357002,3,40.00000000000001,1414.9289609515797,4.786553898221557,-64.5087449121803,nan,nan,nan,5.2102605876865014e-11,True,1.8263896168908803e-07,16,31.079561123228917,517.9926853871486,True,
0.03,shaft_1,shaft_1_roller_bearing_2,roller,190.0,non-locating,14,0.0,2660.4444281499045,0.0,2.05820848767194,0.02859672580433889,0.0,93033.18311169189,5,51.42857142857143,1066.9917017471766,5.614807686416665,-1130.1800741921343,28.63141929475016,0.98,1.3148551606778887,2.9570732946324674e-14,True,7.867129170335829e-11,11,235.7848313021407,3929.747188369012,True,
0.03,shaft_2,shaft_2_ball_bearing_1,ball,10.0,locating,9,18.839196970691102,2660.444428150186,0.0,-2.058208487671955,0.06187049011721261,-0.062350663257023695,43000.21582356982,3,40.00000000000001,1414.9289609515672,4.786553898221561,-64.50874491218454,nan,nan,nan,5.210277680595769e-11,True,1.8263907568597056e-07,16,31.07956112322976,1035.9853707743252,True,
0.03,shaft_2,shaft_2_roller_bearing_2,roller,190.0,non-locating,14,0.0,2660.444428149921,0.0,2.05820848767194,0.028596725804338943,0.0,93033.1831116923,5,51.42857142857143,1066.9917017471817,5.614807686416657,-1130.180074192137,28.63141929475027,0.98,1.3148551606778875,2.9912591130675064e-14,True,7.958078640513122e-11,11,235.78483130213647,7859.494376737883,True,
0.04,shaft_1,shaft_1_ball_bearing_1,ball,10.0,locating,9,21.78678929826181,2660.4444281502115,0.0,-2.058208487671955,0.06761779637891092,-0.07577399954230406,39345.32875401376,3,40.00000000000001,1449.0014132610052,4.901817373579335,-64.48195938516544,nan,nan,nan,2.4729525361550384e-10,True,8.93496026349608e-07,16,30.742047312196352,512.3674552032725,True,
0.04,shaft_1,shaft_1_roller_bearing_2,roller,190.0,non-locating,14,0.0,2660.4444281499045,0.0,2.05820848767194,0.03430638340258967,0.0,77549.54513652046,5,51.42857142857143,1137.6737114494224,5.986756119302963,-1086.3042129124656,30.1235708876179,0.98,1.2974326106320495,4.4612493057749943e-13,True,1.1868905858136714e-09,11,199.7926931914385,3329.878219857308,True,
0.04,shaft_2,shaft_2_ball_bearing_1,ball,10.0,locating,9,21.78678929826181,2660.444428150186,0.0,-2.058208487671955,0.06761779637891065,-0.07577399954230403,39345.32875401354,3,40.00000000000001,1449.0014132609922,4.901817373579338,-64.48195938516174,nan,nan,nan,2.472952536155062e-10,True,8.934961835101887e-07,16,30.742047312197222,1024.734910406574,True,
0.04,shaft_2,shaft_2_roller_bearing_2,roller,190.0,non-locating,14,0.0,2660.444428149921,0.0,2.05820848767194,0.03430638340258973,0.0,77549.54513652083,5,51.42857142857143,1137.673711449428,5.986756119302956,-1086.3042129124685,30.123570887618015,0.98,1.297432610632048,4.459540014853214e-13,True,1.1864358384627849e-09,11,199.79269319143475,6659.7564397144915,True,
