s_mm,shaft,label,kind,j,phi_deg,Q_N
0.0,shaft_1,shaft_1_ball_bearing_1,,0,0.0,1295.2462875791055
0.0,shaft_1,shaft_1_ball_bearing_1,,1,40.00000000000001,866.9478529430821
0.0,shaft_1,shaft_1_ball_bearing_1,,2,80.00000000000001,107.36967218066772
0.0,shaft_1,shaft_1_ball_bearing_1,,3,119.99999999999997,0.0
0.0,shaft_1,shaft_1_ball_bearing_1,,4,160.00000000000003,0.0
0.0,shaft_1,shaft_1_ball_bearing_1,,5,-160.00000000000003,0.0
0.0,shaft_1,shaft_1_ball_bearing_1,,6,-120.00000000000001,0.0
0.0,shaft_1,shaft_1_ball_bearing_1,,7,-80.00000000000001,107.36967218066772
0.0,shaft_1,shaft_1_ball_bearing_1,,8,-39.99999999999996,866.9478529430821
0.0,shaft_1,shaft_1_roller_bearing_2,,0,0.0,810.697780044092
0.0,shaft_1,shaft_1_roller_bearing_2,,1,25.714285714285715,706.3566022565947
0.0,shaft_1,shaft_1_roller_bearing_2,,2,51.42857142857143,428.81291485093556
0.0,shaft_1,shaft_1_roller_bearing_2,,3,77.14285714285714,94.85640785438294
0.0,shaft_1,shaft_1_roller_bearing_2,,4,102.85714285714286,0.0
0.0,shaft_1,shaft_1_roller_bearing_2,,5,128.57142857142858,0.0
0.0,shaft_1,shaft_1_roller_bearing_2,,6,154.28571428571428,0.0
0.0,shaft_1,shaft_1_roller_bearing_2,,7,-180.0,0.0
0.0,shaft_1,shaft_1_roller_bearing_2,,8,-154.28571428571428,0.0
0.0,shaft_1,shaft_1_roller_bearing_2,,9,-128.57142857142858,0.0
0.0,shaft_1,shaft_1_roller_bearing_2,,10,-102.85714285714286,0.0
0.0,shaft_1,shaft_1_roller_bearing_2,,11,-77.14285714285714,94.85640785438278
0.0,shaft_1,shaft_1_roller_bearing_2,,12,-51.42857142857143,428.8129148509354
0.0,shaft_1,shaft_1_roller_bearing_2,,13,-25.714285714285715,706.3566022565947
0.0,shaft_2,shaft_2_ball_bearing_1,,0,0.0,1295.2462875791032
0.0,shaft_2,shaft_2_ball_bearing_1,,1,40.00000000000001,866.94785294308
0.0,shaft_2,shaft_2_ball_bearing_1,,2,80.00000000000001,107.36967218066879
0.0,shaft_2,shaft_2_ball_bearing_1,,3,119.99999999999997,0.0
0.0,shaft_2,shaft_2_ball_bearing_1,,4,160.00000000000003,0.0
0.0,shaft_2,shaft_2_ball_bearing_1,,5,-160.00000000000003,0.0
0.0,shaft_2,shaft_2_ball_bearing_1,,6,-120.00000000000001,0.0
0.0,shaft_2,shaft_2_ball_bearing_1,,7,-80.00000000000001,107.36967218066772
0.0,shaft_2,shaft_2_ball_bearing_1,,8,-39.99999999999996,866.94785294308
0.0,shaft_2,shaft_2_roller_bearing_2,,0,0.0,810.6977800440972
0.0,shaft_2,shaft_2_roller_bearing_2,,1,25.714285714285715,706.3566022565991
0.0,shaft_2,shaft_2_roller_bearing_2,,2,51.42857142857143,428.81291485093845
0.0,shaft_2,shaft_2_roller_bearing_2,,3,77.14285714285714,94.85640785438363
0.0,shaft_2,shaft_2_roller_bearing_2,,4,102.85714285714286,0.0
0.0,shaft_2,shaft_2_roller_bearing_2,,5,128.57142857142858,0.0
0.0,shaft_2,shaft_2_roller_bearing_2,,6,154.28571428571428,0.0
0.0,shaft_2,shaft_2_roller_bearing_2,,7,-180.0,0.0
0.0,shaft_2,shaft_2_roller_bearing_2,,8,-154.28571428571428,0.0
0.0,shaft_2,shaft_2_roller_bearing_2,,9,-128.57142857142858,0.0
0.0,shaft_2,shaft_2_roller_bearing_2,,10,-102.85714285714286,0.0
0.0,shaft_2,shaft_2_roller_bearing_2,,11,-77.14285714285714,94.85640785438349
0.0,shaft_2,shaft_2_roller_bearing_2,,12,-51.42857142857143,428.81291485093817
0.0,shaft_2,shaft_2_roller_bearing_2,,13,-25.714285714285715,706.3566022565991
0.005,shaft_1,shaft_1_ball_bearing_1,,0,0.0,1317.901536657049
0.005,shaft_1,shaft_1_ball_bearing_1,,1,40.00000000000001,860.0130490310961
0.005,shaft_1,shaft_1_ball_bearing_1,,2,80.00000000000001,72.58894235225685
0.005,shaft_1,shaft_1_ball_bearing_1,,3,119.99999999999997,0.0
0.005,shaft_1,shaft_1_ball_bearing_1,,4,160.00000000000003,0.0
0.005,shaft_1,shaft_1_ball_bearing_1,,5,-160.00000000000003,0.0
0.005,shaft_1,shaft_1_ball_bearing_1,,6,-120.00000000000001,0.0
0.005,shaft_1,shaft_1_ball_bearing_1,,7,-80.00000000000001,72.58894235225685
0.005,shaft_1,shaft_1_ball_bearing_1,,8,-39.99999999999996,860.0130490310961
0.005,shaft_1,shaft_1_roller_bearing_2,,0,0.0,864.1780866373622
0.005,shaft_1,shaft_1_roller_bearing_2,,1,25.714285714285715,730.4177656580512
0.005,shaft_1,shaft_1_roller_bearing_2,,2,51.42857142857143,380.34779365423617
0.005,shaft_1,shaft_1_roller_bearing_2,,3,77.14285714285714,13.06183998386895
0.005,shaft_1,shaft_1_roller_bearing_2,,4,102.85714285714286,0.0
0.005,shaft_1,shaft_1_roller_bearing_2,,5,128.57142857142858,0.0
0.005,shaft_1,shaft_1_roller_bearing_2,,6,154.28571428571428,0.0
0.005,shaft_1,shaft_1_roller_bearing_2,,7,-180.0,0.0
0.005,shaft_1,shaft_1_roller_bearing_2,,8,-154.28571428571428,0.0
0.005,shaft_1,shaft_1_roller_bearing_2,,9,-128.57142857142858,0.0
0.005,shaft_1,shaft_1_roller_bearing_2,,10,-102.85714285714286,0.0
0.005,shaft_1,shaft_1_roller_bearing_2,,11,-77.14285714285714,13.061839983868857
0.005,shaft_1,shaft_1_roller_bearing_2,,12,-51.42857142857143,380.34779365423583
0.005,shaft_1,shaft_1_roller_bearing_2,,13,-25.714285714285715,730.4177656580509
0.005,shaft_2,shaft_2_ball_bearing_1,,0,0.0,1317.9015366570443
0.005,shaft_2,shaft_2_ball_bearing_1,,1,40.00000000000001,860.013049031094
0.005,shaft_2,shaft_2_ball_bearing_1,,2,80.00000000000001,72.58894235225497
0.005,shaft_2,shaft_2_ball_bearing_1,,3,119.99999999999997,0.0
0.005,shaft_2,shaft_2_ball_bearing_1,,4,160.00000000000003,0.0
0.005,shaft_2,shaft_2_ball_bearing_1,,5,-160.00000000000003,0.0
0.005,shaft_2,shaft_2_ball_bearing_1,,6,-120.00000000000001,0.0
0.005,shaft_2,shaft_2_ball_bearing_1,,7,-80.00000000000001,72.58894235225497
0.005,shaft_2,shaft_2_ball_bearing_1,,8,-39.99999999999996,860.013049031094
0.005,shaft_2,shaft_2_roller_bearing_2,,0,0.0,864.1780866373674
0.005,shaft_2,shaft_2_roller_bearing_2,,1,25.714285714285715,730.4177656580557
0.005,shaft_2,shaft_2_roller_bearing_2,,2,51.42857142857143,380.3477936542388
0.005,shaft_2,shaft_2_roller_bearing_2,,3,77.14285714285714,13.061839983869309
0.005,shaft_2,shaft_2_roller_bearing_2,,4,102.85714285714286,0.0
0.005,shaft_2,shaft_2_roller_bearing_2,,5,128.57142857142858,0.0
0.005,shaft_2,shaft_2_roller_bearing_2,,6,154.28571428571428,0.0
0.005,shaft_2,shaft_2_roller_bearing_2,,7,-180.0,0.0
0.005,shaft_2,shaft_2_roller_bearing_2,,8,-154.28571428571428,0.0
0.005,shaft_2,shaft_2_roller_bearing_2,,9,-128.57142857142858,0.0
0.005,shaft_2,shaft_2_roller_bearing_2,,10,-102.85714285714286,0.0
0.005,shaft_2,shaft_2_roller_bearing_2,,11,-77.14285714285714,13.061839983869215
0.005,shaft_2,shaft_2_roller_bearing_2,,12,-51.42857142857143,380.34779365423856
0.005,shaft_2,shaft_2_roller_bearing_2,,13,-25.714285714285715,730.4177656580555
0.01,shaft_1,shaft_1_ball_bearing_1,,0,0.0,1339.8050456993444
0.01,shaft_1,shaft_1_ball_bearing_1,,1,40.00000000000001,852.4884090256015
0.01,shaft_1,shaft_1_ball_bearing_1,,2,80.00000000000001,42.597543753008004
0.01,shaft_1,shaft_1_ball_bearing_1,,3,119.99999999999997,0.0
0.01,shaft_1,shaft_1_ball_bearing_1,,4,160.00000000000003,0.0
0.01,shaft_1,shaft_1_ball_bearing_1,,5,-160.00000000000003,0.0
0.01,shaft_1,shaft_1_ball_bearing_1,,6,-120.00000000000001,0.0
0.01,shaft_1,shaft_1_ball_bearing_1,,7,-80.00000000000001,42.597543753008004
0.01,shaft_1,shaft_1_ball_bearing_1,,8,-39.99999999999996,852.4884090256015
0.01,shaft_1,shaft_1_roller_bearing_2,,0,0.0,907.7635234198996
0.01,shaft_1,shaft_1_roller_bearing_2,,1,25.714285714285715,745.6830579098241
0.01,shaft_1,shaft_1_roller_bearing_2,,2,51.42857142857143,327.99771745340274
0.01,shaft_1,shaft_1_roller_bearing_2,,3,77.14285714285714,0.0
0.01,shaft_1,shaft_1_roller_bearing_2,,4,102.85714285714286,0.0
0.01,shaft_1,shaft_1_roller_bearing_2,,5,128.57142857142858,0.0
0.01,shaft_1,shaft_1_roller_bearing_2,,6,154.28571428571428,0.0
0.01,shaft_1,shaft_1_roller_bearing_2,,7,-180.0,0.0
0.01,shaft_1,shaft_1_roller_bearing_2,,8,-154.28571428571428,0.0
0.01,shaft_1,shaft_1_roller_bearing_2,,9,-128.57142857142858,0.0
0.01,shaft_1,shaft_1_roller_bearing_2,,10,-102.85714285714286,0.0
0.01,shaft_1,shaft_1_roller_bearing_2,,11,-77.14285714285714,0.0
0.01,shaft_1,shaft_1_roller_bearing_2,,12,-51.42857142857143,327.9977174534024
0.01,shaft_1,shaft_1_roller_bearing_2,,13,-25.714285714285715,745.6830579098241
0.01,shaft_2,shaft_2_ball_bearing_1,,0,0.0,1339.8050456993296
0.01,shaft_2,shaft_2_ball_bearing_1,,1,40.00000000000001,852.488409025591
0.01,shaft_2,shaft_2_ball_bearing_1,,2,80.00000000000001,42.59754375300644
0.01,shaft_2,shaft_2_ball_bearing_1,,3,119.99999999999997,0.0
0.01,shaft_2,shaft_2_ball_bearing_1,,4,160.00000000000003,0.0
0.01,shaft_2,shaft_2_ball_bearing_1,,5,-160.00000000000003,0.0
0.01,shaft_2,shaft_2_ball_bearing_1,,6,-120.00000000000001,0.0
0.01,shaft_2,shaft_2_ball_bearing_1,,7,-80.00000000000001,42.59754375300644
0.01,shaft_2,shaft_2_ball_bearing_1,,8,-39.99999999999996,852.488409025591
0.01,shaft_2,shaft_2_roller_bearing_2,,0,0.0,907.7635234199046
0.01,shaft_2,shaft_2_roller_bearing_2,,1,25.714285714285715,745.6830579098287
0.01,shaft_2,shaft_2_roller_bearing_2,,2,51.42857142857143,327.9977174534053
0.01,shaft_2,shaft_2_roller_bearing_2,,3,77.14285714285714,0.0
0.01,shaft_2,shaft_2_roller_bearing_2,,4,102.85714285714286,0.0
0.01,shaft_2,shaft_2_roller_bearing_2,,5,128.57142857142858,0.0
0.01,shaft_2,shaft_2_roller_bearing_2,,6,154.28571428571428,0.0
0.01,shaft_2,shaft_2_roller_bearing_2,,7,-180.0,0.0
0.01,shaft_2,shaft_2_roller_bearing_2,,8,-154.28571428571428,0.0
0.01,shaft_2,shaft_2_roller_bearing_2,,9,-128.57142857142858,0.0
0.01,shaft_2,shaft_2_roller_bearing_2,,10,-102.85714285714286,0.0
0.01,shaft_2,shaft_2_roller_bearing_2,,11,-77.14285714285714,0.0
0.01,shaft_2,shaft_2_roller_bearing_2,,12,-51.42857142857143,327.997717453405
0.01,shaft_2,shaft_2_roller_bearing_2,,13,-25.714285714285715,745.6830579098284
0.015,shaft_1,shaft_1_ball_bearing_1,,0,0.0,1360.7861282669637
0.015,shaft_1,shaft_1_ball_bearing_1,,1,40.00000000000001,844.257583120838
0.015,shaft_1,shaft_1_ball_bearing_1,,2,80.00000000000001,18.402938201486815
0.015,shaft_1,shaft_1_ball_bearing_1,,3,119.99999999999997,0.0
0.015,shaft_1,shaft_1_ball_bearing_1,,4,160.00000000000003,0.0
0.015,shaft_1,shaft_1_ball_bearing_1,,5,-160.00000000000003,0.0
0.015,shaft_1,shaft_1_ball_bearing_1,,6,-120.00000000000001,0.0
0.015,shaft_1,shaft_1_ball_bearing_1,,7,-80.00000000000001,18.402938201486226
0.015,shaft_1,shaft_1_ball_bearing_1,,8,-39.99999999999996,844.257583120838
0.015,shaft_1,shaft_1_roller_bearing_2,,0,0.0,948.9135325438526
0.015,shaft_1,shaft_1_roller_bearing_2,,1,25.714285714285715,758.6099897196418
0.015,shaft_1,shaft_1_roller_bearing_2,,2,51.42857142857143,276.31801462069126
0.015,shaft_1,shaft_1_roller_bearing_2,,3,77.14285714285714,0.0
0.015,shaft_1,shaft_1_roller_bearing_2,,4,102.85714285714286,0.0
0.015,shaft_1,shaft_1_roller_bearing_2,,5,128.57142857142858,0.0
0.015,shaft_1,shaft_1_roller_bearing_2,,6,154.28571428571428,0.0
0.015,shaft_1,shaft_1_roller_bearing_2,,7,-180.0,0.0
0.015,shaft_1,shaft_1_roller_bearing_2,,8,-154.28571428571428,0.0
0.015,shaft_1,shaft_1_roller_bearing_2,,9,-128.57142857142858,0.0
0.015,shaft_1,shaft_1_roller_bearing_2,,10,-102.85714285714286,0.0
0.015,shaft_1,shaft_1_roller_bearing_2,,11,-77.14285714285714,0.0
0.015,shaft_1,shaft_1_roller_bearing_2,,12,-51.42857142857143,276.31801462069086
0.015,shaft_1,shaft_1_roller_bearing_2,,13,-25.714285714285715,758.6099897196418
0.015,shaft_2,shaft_2_ball_bearing_1,,0,0.0,1360.7861282669217
0.015,shaft_2,shaft_2_ball_bearing_1,,1,40.00000000000001,844.2575831208085
0.015,shaft_2,shaft_2_ball_bearing_1,,2,80.00000000000001,18.402938201485632
0.015,shaft_2,shaft_2_ball_bearing_1,,3,119.99999999999997,0.0
0.015,shaft_2,shaft_2_ball_bearing_1,,4,160.00000000000003,0.0
0.015,shaft_2,shaft_2_ball_bearing_1,,5,-160.00000000000003,0.0
0.015,shaft_2,shaft_2_ball_bearing_1,,6,-120.00000000000001,0.0
0.015,shaft_2,shaft_2_ball_bearing_1,,7,-80.00000000000001,18.402938201484453
0.015,shaft_2,shaft_2_ball_bearing_1,,8,-39.99999999999996,844.2575831208085
0.015,shaft_2,shaft_2_roller_bearing_2,,0,0.0,948.913532543858
0.015,shaft_2,shaft_2_roller_bearing_2,,1,25.714285714285715,758.6099897196467
0.015,shaft_2,shaft_2_roller_bearing_2,,2,51.42857142857143,276.31801462069393
0.015,shaft_2,shaft_2_roller_bearing_2,,3,77.14285714285714,0.0
0.015,shaft_2,shaft_2_roller_bearing_2,,4,102.85714285714286,0.0
0.015,shaft_2,shaft_2_roller_bearing_2,,5,128.57142857142858,0.0
0.015,shaft_2,shaft_2_roller_bearing_2,,6,154.28571428571428,0.0
0.015,shaft_2,shaft_2_roller_bearing_2,,7,-180.0,0.0
0.015,shaft_2,shaft_2_roller_bearing_2,,8,-154.28571428571428,0.0
0.015,shaft_2,shaft_2_roller_bearing_2,,9,-128.57142857142858,0.0
0.015,shaft_2,shaft_2_roller_bearing_2,,10,-102.85714285714286,0.0
0.015,shaft_2,shaft_2_roller_bearing_2,,11,-77.14285714285714,0.0
0.015,shaft_2,shaft_2_roller_bearing_2,,12,-51.42857142857143,276.3180146206935
0.015,shaft_2,shaft_2_roller_bearing_2,,13,-25.714285714285715,758.6099897196464
0.02,shaft_1,shaft_1_ball_bearing_1,,0,0.0,1380.4739487028808
0.02,shaft_1,shaft_1_ball_bearing_1,,1,40.00000000000001,835.0599143825766
0.02,shaft_1,shaft_1_ball_bearing_1,,2,80.00000000000001,2.2291132550109833
0.02,shaft_1,shaft_1_ball_bearing_1,,3,119.99999999999997,0.0
0.02,shaft_1,shaft_1_ball_bearing_1,,4,160.00000000000003,0.0
0.02,shaft_1,shaft_1_ball_bearing_1,,5,-160.00000000000003,0.0
0.02,shaft_1,shaft_1_ball_bearing_1,,6,-120.00000000000001,0.0
0.02,shaft_1,shaft_1_ball_bearing_1,,7,-80.00000000000001,2.229113255010691
0.02,shaft_1,shaft_1_ball_bearing_1,,8,-39.99999999999996,835.0599143825766
0.02,shaft_1,shaft_1_roller_bearing_2,,0,0.0,989.4443645893024
0.02,shaft_1,shaft_1_roller_bearing_2,,1,25.714285714285715,770.3983191063244
0.02,shaft_1,shaft_1_roller_bearing_2,,2,51.42857142857143,226.7801814233764
0.02,shaft_1,shaft_1_roller_bearing_2,,3,77.14285714285714,0.0
0.02,shaft_1,shaft_1_roller_bearing_2,,4,102.85714285714286,0.0
0.02,shaft_1,shaft_1_roller_bearing_2,,5,128.57142857142858,0.0
0.02,shaft_1,shaft_1_roller_bearing_2,,6,154.28571428571428,0.0
0.02,shaft_1,shaft_1_roller_bearing_2,,7,-180.0,0.0
0.02,shaft_1,shaft_1_roller_bearing_2,,8,-154.28571428571428,0.0
0.02,shaft_1,shaft_1_roller_bearing_2,,9,-128.57142857142858,0.0
0.02,shaft_1,shaft_1_roller_bearing_2,,10,-102.85714285714286,0.0
0.02,shaft_1,shaft_1_roller_bearing_2,,11,-77.14285714285714,0.0
0.02,shaft_1,shaft_1_roller_bearing_2,,12,-51.42857142857143,226.78018142337604
0.02,shaft_1,shaft_1_roller_bearing_2,,13,-25.714285714285715,770.398319106324
0.02,shaft_2,shaft_2_ball_bearing_1,,0,0.0,1380.4739487028685
0.02,shaft_2,shaft_2_ball_bearing_1,,1,40.00000000000001,835.0599143825724
0.02,shaft_2,shaft_2_ball_bearing_1,,2,80.00000000000001,2.229113255010691
0.02,shaft_2,shaft_2_ball_bearing_1,,3,119.99999999999997,0.0
0.02,shaft_2,shaft_2_ball_bearing_1,,4,160.00000000000003,0.0
0.02,shaft_2,shaft_2_ball_bearing_1,,5,-160.00000000000003,0.0
0.02,shaft_2,shaft_2_ball_bearing_1,,6,-120.00000000000001,0.0
0.02,shaft_2,shaft_2_ball_bearing_1,,7,-80.00000000000001,2.229113255010691
0.02,shaft_2,shaft_2_ball_bearing_1,,8,-39.99999999999996,835.0599143825724
0.02,shaft_2,shaft_2_roller_bearing_2,,0,0.0,989.4443645893076
0.02,shaft_2,shaft_2_roller_bearing_2,,1,25.714285714285715,770.3983191063286
0.02,shaft_2,shaft_2_roller_bearing_2,,2,51.42857142857143,226.78018142337874
0.02,shaft_2,shaft_2_roller_bearing_2,,3,77.14285714285714,0.0
0.02,shaft_2,shaft_2_roller_bearing_2,,4,102.85714285714286,0.0
0.02,shaft_2,shaft_2_roller_bearing_2,,5,128.57142857142858,0.0
0.02,shaft_2,shaft_2_roller_bearing_2,,6,154.28571428571428,0.0
0.02,shaft_2,shaft_2_roller_bearing_2,,7,-180.0,0.0
0.02,shaft_2,shaft_2_roller_bearing_2,,8,-154.28571428571428,0.0
0.02,shaft_2,shaft_2_roller_bearing_2,,9,-128.57142857142858,0.0
0.02,shaft_2,shaft_2_roller_bearing_2,,10,-102.85714285714286,0.0
0.02,shaft_2,shaft_2_roller_bearing_2,,11,-77.14285714285714,0.0
0.02,shaft_2,shaft_2_roller_bearing_2,,12,-51.42857142857143,226.78018142337834
0.02,shaft_2,shaft_2_roller_bearing_2,,13,-25.714285714285715,770.3983191063282
0.03,shaft_1,shaft_1_ball_bearing_1,,0,0.0,1414.9289609515797
0.03,shaft_1,shaft_1_ball_bearing_1,,1,40.00000000000001,813.0741289992989
0.03,shaft_1,shaft_1_ball_bearing_1,,2,80.00000000000001,0.0
0.03,shaft_1,shaft_1_ball_bearing_1,,3,119.99999999999997,0.0
0.03,shaft_1,shaft_1_ball_bearing_1,,4,160.00000000000003,0.0
0.03,shaft_1,shaft_1_ball_bearing_1,,5,-160.00000000000003,0.0
0.03,shaft_1,shaft_1_ball_bearing_1,,6,-120.00000000000001,0.0
0.03,shaft_1,shaft_1_ball_bearing_1,,7,-80.00000000000001,0.0
0.03,shaft_1,shaft_1_ball_bearing_1,,8,-39.99999999999996,813.0741289992989
0.03,shaft_1,shaft_1_roller_bearing_2,,0,0.0,1066.9917017471766
0.03,shaft_1,shaft_1_roller_bearing_2,,1,25.714285714285715,790.4092551119218
0.03,shaft_1,shaft_1_roller_bearing_2,,2,51.42857142857143,135.67540510102634
0.03,shaft_1,shaft_1_roller_bearing_2,,3,77.14285714285714,0.0
0.03,shaft_1,shaft_1_roller_bearing_2,,4,102.85714285714286,0.0
0.03,shaft_1,shaft_1_roller_bearing_2,,5,128.57142857142858,0.0
0.03,shaft_1,shaft_1_roller_bearing_2,,6,154.28571428571428,0.0
0.03,shaft_1,shaft_1_roller_bearing_2,,7,-180.0,0.0
0.03,shaft_1,shaft_1_roller_bearing_2,,8,-154.28571428571428,0.0
0.03,shaft_1,shaft_1_roller_bearing_2,,9,-128.57142857142858,0.0
0.03,shaft_1,shaft_1_roller_bearing_2,,10,-102.85714285714286,0.0
0.03,shaft_1,shaft_1_roller_bearing_2,,11,-77.14285714285714,0.0
0.03,shaft_1,shaft_1_roller_bearing_2,,12,-51.42857142857143,135.67540510102594
0.03,shaft_1,shaft_1_roller_bearing_2,,13,-25.714285714285715,790.4092551119217
0.03,shaft_2,shaft_2_ball_bearing_1,,0,0.0,1414.9289609515672
0.03,shaft_2,shaft_2_ball_bearing_1,,1,40.00000000000001,813.0741289992906
0.03,shaft_2,shaft_2_ball_bearing_1,,2,80.00000000000001,0.0
0.03,shaft_2,shaft_2_ball_bearing_1,,3,119.99999999999997,0.0
0.03,shaft_2,shaft_2_ball_bearing_1,,4,160.00000000000003,0.0
0.03,shaft_2,shaft_2_ball_bearing_1,,5,-160.00000000000003,0.0
0.03,shaft_2,shaft_2_ball_bearing_1,,6,-120.00000000000001,0.0
0.03,shaft_2,shaft_2_ball_bearing_1,,7,-80.00000000000001,0.0
0.03,shaft_2,shaft_2_ball_bearing_1,,8,-39.99999999999996,813.0741289992906
0.03,shaft_2,shaft_2_roller_bearing_2,,0,0.0,1066.9917017471817
0.03,shaft_2,shaft_2_roller_bearing_2,,1,25.714285714285715,790.4092551119263
0.03,shaft_2,shaft_2_roller_bearing_2,,2,51.42857142857143,135.67540510102822
0.03,shaft_2,shaft_2_roller_bearing_2,,3,77.14285714285714,0.0
0.03,shaft_2,shaft_2_roller_bearing_2,,4,102.85714285714286,0.0
0.03,shaft_2,shaft_2_roller_bearing_2,,5,128.57142857142858,0.0
0.03,shaft_2,shaft_2_roller_bearing_2,,6,154.28571428571428,0.0
0.03,shaft_2,shaft_2_roller_bearing_2,,7,-180.0,0.0
0.03,shaft_2,shaft_2_roller_bearing_2,,8,-154.28571428571428,0.0
0.03,shaft_2,shaft_2_roller_bearing_2,,9,-128.57142857142858,0.0
0.03,shaft_2,shaft_2_roller_bearing_2,,10,-102.85714285714286,0.0
0.03,shaft_2,shaft_2_roller_bearing_2,,11,-77.14285714285714,0.0
0.03,shaft_2,shaft_2_roller_bearing_2,,12,-51.42857142857143,135.6754051010278
0.03,shaft_2,shaft_2_roller_bearing_2,,13,-25.714285714285715,790.409255111926
0.04,shaft_1,shaft_1_ball_bearing_1,,0,0.0,1449.0014132610052
0.04,shaft_1,shaft_1_ball_bearing_1,,1,40.00000000000001,790.8344666103187
0.04,shaft_1,shaft_1_ball_bearing_1,,2,80.00000000000001,0.0
0.04,shaft_1,shaft_1_ball_bearing_1,,3,119.99999999999997,0.0
0.04,shaft_1,shaft_1_ball_bearing_1,,4,160.00000000000003,0.0
0.04,shaft_1,shaft_1_ball_bearing_1,,5,-160.00000000000003,0.0
0.04,shaft_1,shaft_1_ball_bearing_1,,6,-120.00000000000001,0.0
0.04,shaft_1,shaft_1_ball_bearing_1,,7,-80.00000000000001,0.0
0.04,shaft_1,shaft_1_ball_bearing_1,,8,-39.99999999999996,790.8344666103187
0.04,shaft_1,shaft_1_roller_bearing_2,,0,0.0,1137.6737114494224
0.04,shaft_1,shaft_1_roller_bearing_2,,1,25.714285714285715,804.0288351911538
0.04,shaft_1,shaft_1_roller_bearing_2,,2,51.42857142857143,59.31197083950443
0.04,shaft_1,shaft_1_roller_bearing_2,,3,77.14285714285714,0.0
0.04,shaft_1,shaft_1_roller_bearing_2,,4,102.85714285714286,0.0
0.04,shaft_1,shaft_1_roller_bearing_2,,5,128.57142857142858,0.0
0.04,shaft_1,shaft_1_roller_bearing_2,,6,154.28571428571428,0.0
0.04,shaft_1,shaft_1_roller_bearing_2,,7,-180.0,0.0
0.04,shaft_1,shaft_1_roller_bearing_2,,8,-154.28571428571428,0.0
0.04,shaft_1,shaft_1_roller_bearing_2,,9,-128.57142857142858,0.0
0.04,shaft_1,shaft_1_roller_bearing_2,,10,-102.85714285714286,0.0
0.04,shaft_1,shaft_1_roller_bearing_2,,11,-77.14285714285714,0.0
0.04,shaft_1,shaft_1_roller_bearing_2,,12,-51.42857142857143,59.3119708395041
0.04,shaft_1,shaft_1_roller_bearing_2,,13,-25.714285714285715,804.0288351911531
0.04,shaft_2,shaft_2_ball_bearing_1,,0,0.0,1449.0014132609922
0.04,shaft_2,shaft_2_ball_bearing_1,,1,40.00000000000001,790.8344666103104
0.04,shaft_2,shaft_2_ball_bearing_1,,2,80.00000000000001,0.0
0.04,shaft_2,shaft_2_ball_bearing_1,,3,119.99999999999997,0.0
0.04,shaft_2,shaft_2_ball_bearing_1,,4,160.00000000000003,0.0
0.04,shaft_2,shaft_2_ball_bearing_1,,5,-160.00000000000003,0.0
0.04,shaft_2,shaft_2_ball_bearing_1,,6,-120.00000000000001,0.0
0.04,shaft_2,shaft_2_ball_bearing_1,,7,-80.00000000000001,0.0
0.04,shaft_2,shaft_2_ball_bearing_1,,8,-39.99999999999996,790.8344666103104
0.04,shaft_2,shaft_2_roller_bearing_2,,0,0.0,1137.673711449428
0.04,shaft_2,shaft_2_roller_bearing_2,,1,25.714285714285715,804.0288351911586
0.04,shaft_2,shaft_2_roller_bearing_2,,2,51.42857142857143,59.31197083950602
0.04,shaft_2,shaft_2_roller_bearing_2,,3,77.14285714285714,0.0
0.04,shaft_2,shaft_2_roller_bearing_2,,4,102.85714285714286,0.0
0.04,shaft_2,shaft_2_roller_bearing_2,,5,128.57142857142858,0.0
0.04,shaft_2,shaft_2_roller_bearing_2,,6,154.28571428571428,0.0
0.04,shaft_2,shaft_2_roller_bearing_2,,7,-180.0,0.0
0.04,shaft_2,shaft_2_roller_bearing_2,,8,-154.28571428571428,0.0
0.04,shaft_2,shaft_2_roller_bearing_2,,9,-128.57142857142858,0.0
0.04,shaft_2,shaft_2_roller_bearing_2,,10,-102.85714285714286,0.0
0.04,shaft_2,shaft_2_roller_bearing_2,,11,-77.14285714285714,0.0
0.04,shaft_2,shaft_2_roller_bearing_2,,12,-51.42857142857143,59.31197083950569
0.04,shaft_2,shaft_2_roller_bearing_2,,13,-25.714285714285715,804.0288351911581
