alpha0_deg,shaft,label,kind,position_mm,arrangement,Z,C_N,s_mm,power_W,Fr_N,Fa_N,Fa_over_Fr,Fr_over_C,psi_mrad,delta_r_mm,delta_a_mm,Mz_Nmm,Kr_N_per_mm,Kr_xz_N_per_mm,Kr_xy_N_per_mm,Kr_tangent_N_per_mm,m_defl,p_life,n_loaded,zone_half_angle_deg,alpha_max_deg,Q_max_N,Q_max_over_Fr_per_Z,q_lamina_max_N,lamina_loaded_frac,lamina_peak_over_mean,equil_err_rel,ok,residual,n_iter,L10r_Mrev,L10h_h,postprocessed,error
10.0,shaft_1,shaft_1_angular_bearing_1,angular,10.0,locating,9,8461.040726529876,0.008507658313163515,10471.9755,2660.4444281502115,0.0,0.0,0.3144346557520163,-2.058208487671955,0.03290996228807044,-0.02114482138991448,-118.95552408196686,80840.09349091833,80840.09349091833,80840.09349091837,nan,nan,nan,5,80.00000000000001,-0.8741208755026656,1353.8970517842765,4.580089453148505,nan,nan,nan,7.963056524259966e-11,True,2.2494937193803518e-07,21,31.449392948519275,524.156549141988,True,
10.0,shaft_2,shaft_2_angular_bearing_1,angular,10.0,locating,9,8461.040726529876,0.008507658313163515,10471.9755,2660.444428150186,0.0,0.0,0.3144346557520133,-2.058208487671955,0.032909962288070235,-0.021144821389914473,-118.95552408196421,80840.09349091807,80840.09349091807,80840.09349091808,nan,nan,nan,5,80.00000000000001,-0.8741208755026649,1353.8970517842608,4.580089453148496,nan,nan,nan,7.963090710078477e-11,True,2.2495023197251564e-07,21,31.449392948520245,1048.313098284008,True,
15.0,shaft_1,shaft_1_angular_bearing_1,angular,10.0,locating,9,8361.504391995353,0.01908153727812176,10471.9755,2660.4444281502115,0.0,0.0,0.31817772298213604,-2.058208487671955,0.03907315113656952,-0.04436801007929255,-67.66091920657007,68088.81164591396,68088.81164591396,68088.81164591401,nan,nan,nan,3,40.00000000000001,-0.7550369640593723,1415.9235566972661,4.789918509643793,nan,nan,nan,1.0493422433185755e-10,True,3.1874656352306756e-07,15,30.34636682946806,505.7727804911343,True,
15.0,shaft_2,shaft_2_angular_bearing_1,angular,10.0,locating,9,8361.504391995353,0.01908153727812176,10471.9755,2660.444428150186,0.0,0.0,0.31817772298213304,-2.058208487671955,0.039073151136569326,-0.04436801007929253,-67.66091920656754,68088.81164591365,68088.81164591365,68088.81164591367,nan,nan,nan,3,40.00000000000001,-0.7550369640593687,1415.9235566972543,4.789918509643799,nan,nan,nan,1.0493490804822725e-10,True,3.1874809016053294e-07,15,30.34636682946892,1011.5455609822974,True,
20.0,shaft_1,shaft_1_angular_bearing_1,angular,10.0,locating,9,8218.620723690186,0.03377213235989131,10471.9755,2660.4444281502115,0.0,0.0,0.323709356787992,-2.058208487671955,0.04751132015977402,-0.06745733278497822,-67.45502719477854,55996.01146007948,55996.01146007948,55996.011460079506,nan,nan,nan,3,40.00000000000001,-0.7128140240236621,1495.224791004417,5.058186134861809,nan,nan,nan,2.2451985800733795e-09,True,7.684900173287935e-06,16,28.951737523234094,482.52895872056826,True,
20.0,shaft_2,shaft_2_angular_bearing_1,angular,10.0,locating,9,8218.620723690186,0.03377213235989131,10471.9755,2660.444428150186,0.0,0.0,0.3237093567879889,-2.058208487671955,0.04751132015977383,-0.06745733278497815,-67.4550271947689,55996.01146007917,55996.01146007917,55996.01146007918,nan,nan,nan,3,40.00000000000001,-0.7128140240236498,1495.224791004401,5.058186134861803,nan,nan,nan,2.2452006312225074e-09,True,7.684904004938542e-06,16,28.951737523235067,965.0579174411689,True,
25.0,shaft_1,shaft_1_angular_bearing_1,angular,10.0,locating,9,8029.021615913925,0.05246763925947608,10471.9755,2660.4444281502115,0.0,0.0,0.33135350176129513,-2.058208487671955,0.058217093863433184,-0.08975659557434024,-66.52593397473753,45698.6814627184,45698.6814627184,45698.68146271843,nan,nan,nan,3,40.00000000000001,-0.658695282996969,1595.782839996675,5.398363299005612,nan,nan,nan,2.748926101926616e-10,True,3.027313555565297e-06,18,26.789230589051588,446.4871764841931,True,
25.0,shaft_2,shaft_2_angular_bearing_1,angular,10.0,locating,9,8029.021615913925,0.05246763925947608,10471.9755,2660.444428150186,0.0,0.0,0.33135350176129197,-2.058208487671955,0.05821709386343297,-0.0897565955743431,-66.52593397512335,45698.68146271813,45698.68146271813,45698.68146271814,nan,nan,nan,3,40.00000000000001,-0.6586952829974944,1595.7828399966584,5.398363299005608,nan,nan,nan,2.7488902068172855e-10,True,3.027283999295139e-06,18,26.789230589052508,892.974352968417,True,
30.0,shaft_1,shaft_1_angular_bearing_1,angular,10.0,locating,9,7788.624584390193,0.0750257738807144,10471.9755,2660.4444281502115,0.0,0.0,0.34158077582558305,-2.058208487671955,0.07108494368061993,-0.111092907760371,-64.39383525720352,37426.27187134616,37426.27187134616,37426.27187134617,nan,nan,nan,3,40.00000000000001,-0.5928422210216732,1716.2102772273163,5.80575648625191,nan,nan,nan,3.708152818559469e-11,True,1.914204881916956e-07,21,23.978060142711143,399.6343357118524,True,
30.0,shaft_2,shaft_2_angular_bearing_1,angular,10.0,locating,9,7788.624584390193,0.0750257738807144,10471.9755,2660.444428150186,0.0,0.0,0.3415807758255798,-2.058208487671955,0.07108494368061978,-0.11109290776037065,-64.39383525715529,37426.271871345874,37426.271871345874,37426.271871345874,nan,nan,nan,3,40.00000000000001,-0.5928422210216076,1716.2102772273038,5.805756486251924,nan,nan,nan,3.708289561833245e-11,True,1.914252966420857e-07,21,23.978060142711684,799.2686714237228,True,
35.0,shaft_1,shaft_1_angular_bearing_1,angular,10.0,locating,9,7492.841227867284,0.10127485519816468,10471.9755,2660.4444281502115,0.0,0.0,0.355064834185398,-2.058208487671955,0.0859872789084928,-0.13130063488654875,-60.50643232777546,30939.976958468964,30939.976958468964,30939.976958468982,nan,nan,nan,3,40.00000000000001,-0.5155265368092103,1854.4449648256502,6.273389703928262,nan,nan,nan,1.5451989932644176e-13,True,7.883098264800581e-09,21,20.84548736549804,347.42478942496734,True,
35.0,shaft_2,shaft_2_angular_bearing_1,angular,10.0,locating,9,7492.841227867284,0.10127485519816468,10471.9755,2660.444428150186,0.0,0.0,0.35506483418539464,-2.058208487671955,0.0859872789084927,-0.1313006348865488,-60.506432327783905,30939.976958468702,30939.976958468702,30939.976958468706,nan,nan,nan,3,40.00000000000001,-0.5155265368092204,1854.444964825646,6.273389703928308,nan,nan,nan,1.601605593682271e-13,True,7.884514934690898e-09,21,20.845487365498197,694.8495788499399,True,
40.0,shaft_1,shaft_1_angular_bearing_1,angular,10.0,locating,9,7136.857092570099,0.13101511185337242,10471.9755,2660.4444281502115,0.0,0.0,0.3727753538626822,-2.058208487671955,0.10277409494988428,-0.15022349319902245,-54.28539001304935,25886.33282976146,25886.33282976146,25886.33282976148,nan,nan,nan,3,40.00000000000001,-0.4272557140459117,2007.5063352508466,6.791180009657208,nan,nan,nan,3.709058742747998e-10,True,2.7858211435209513e-06,24,17.771193080916525,296.18655134860876,True,
40.0,shaft_2,shaft_2_angular_bearing_1,angular,10.0,locating,9,7136.857092570099,0.13101511185337242,10471.9755,2660.444428150186,0.0,0.0,0.37277535386267857,-2.058208487671955,0.10277409494988404,-0.15022349319902537,-54.285390013438125,25886.332829761275,25886.332829761275,25886.33282976128,nan,nan,nan,3,40.00000000000001,-0.42725571404643825,2007.506335250829,6.7911800096572135,nan,nan,nan,3.70902626622052e-10,True,2.78579269392534e-06,24,17.77119308091702,592.373102697234,True,
