alpha0_deg,shaft,label,kind,j,phi_deg,Q_N,alpha_j_deg
10.0,shaft_1,shaft_1_angular_bearing_1,angular,0,0.0,1353.8970517842765,-0.8741208755026656
10.0,shaft_1,shaft_1_angular_bearing_1,angular,1,40.00000000000001,845.9352778467404,0.5370005050820347
10.0,shaft_1,shaft_1_angular_bearing_1,angular,2,80.00000000000001,30.942356616608794,4.446621247264259
10.0,shaft_1,shaft_1_angular_bearing_1,angular,3,119.99999999999997,0.0,9.538513737202567
10.0,shaft_1,shaft_1_angular_bearing_1,angular,4,160.00000000000003,0.0,13.266390077550875
10.0,shaft_1,shaft_1_angular_bearing_1,angular,5,-160.00000000000003,0.0,13.266390077550875
10.0,shaft_1,shaft_1_angular_bearing_1,angular,6,-120.00000000000001,0.0,9.538513737202575
10.0,shaft_1,shaft_1_angular_bearing_1,angular,7,-80.00000000000001,30.942356616608794,4.446621247264263
10.0,shaft_1,shaft_1_angular_bearing_1,angular,8,-39.99999999999996,845.9352778467404,0.5370005050820367
10.0,shaft_2,shaft_2_angular_bearing_1,angular,0,0.0,1353.8970517842608,-0.8741208755026649
10.0,shaft_2,shaft_2_angular_bearing_1,angular,1,40.00000000000001,845.9352778467337,0.5370005050820362
10.0,shaft_2,shaft_2_angular_bearing_1,angular,2,80.00000000000001,30.94235661660768,4.446621247264262
10.0,shaft_2,shaft_2_angular_bearing_1,angular,3,119.99999999999997,0.0,9.538513737202567
10.0,shaft_2,shaft_2_angular_bearing_1,angular,4,160.00000000000003,0.0,13.266390077550865
10.0,shaft_2,shaft_2_angular_bearing_1,angular,5,-160.00000000000003,0.0,13.266390077550867
10.0,shaft_2,shaft_2_angular_bearing_1,angular,6,-120.00000000000001,0.0,9.538513737202571
10.0,shaft_2,shaft_2_angular_bearing_1,angular,7,-80.00000000000001,30.94235661660768,4.446621247264265
10.0,shaft_2,shaft_2_angular_bearing_1,angular,8,-39.99999999999996,845.9352778467337,0.5370005050820382
15.0,shaft_1,shaft_1_angular_bearing_1,angular,0,0.0,1415.9235566972661,-0.7550369640593723
15.0,shaft_1,shaft_1_angular_bearing_1,angular,1,40.00000000000001,812.437117026174,0.657938408835836
15.0,shaft_1,shaft_1_angular_bearing_1,angular,2,80.00000000000001,0.0,4.642437805948427
15.0,shaft_1,shaft_1_angular_bearing_1,angular,3,119.99999999999997,0.0,9.988297460294842
15.0,shaft_1,shaft_1_angular_bearing_1,angular,4,160.00000000000003,0.0,14.014444028212898
15.0,shaft_1,shaft_1_angular_bearing_1,angular,5,-160.00000000000003,0.0,14.014444028212898
15.0,shaft_1,shaft_1_angular_bearing_1,angular,6,-120.00000000000001,0.0,9.988297460294847
15.0,shaft_1,shaft_1_angular_bearing_1,angular,7,-80.00000000000001,0.0,4.64243780594843
15.0,shaft_1,shaft_1_angular_bearing_1,angular,8,-39.99999999999996,812.437117026174,0.6579384088358374
15.0,shaft_2,shaft_2_angular_bearing_1,angular,0,0.0,1415.9235566972543,-0.7550369640593687
15.0,shaft_2,shaft_2_angular_bearing_1,angular,1,40.00000000000001,812.4371170261641,0.6579384088358403
15.0,shaft_2,shaft_2_angular_bearing_1,angular,2,80.00000000000001,0.0,4.642437805948432
15.0,shaft_2,shaft_2_angular_bearing_1,angular,3,119.99999999999997,0.0,9.988297460294842
15.0,shaft_2,shaft_2_angular_bearing_1,angular,4,160.00000000000003,0.0,14.014444028212893
15.0,shaft_2,shaft_2_angular_bearing_1,angular,5,-160.00000000000003,0.0,14.014444028212894
15.0,shaft_2,shaft_2_angular_bearing_1,angular,6,-120.00000000000001,0.0,9.988297460294849
15.0,shaft_2,shaft_2_angular_bearing_1,angular,7,-80.00000000000001,0.0,4.642437805948435
15.0,shaft_2,shaft_2_angular_bearing_1,angular,8,-39.99999999999996,812.4371170261641,0.6579384088358416
20.0,shaft_1,shaft_1_angular_bearing_1,angular,0,0.0,1495.224791004417,-0.7128140240236621
20.0,shaft_1,shaft_1_angular_bearing_1,angular,1,40.00000000000001,760.6754879883937,0.7005720597120505
20.0,shaft_1,shaft_1_angular_bearing_1,angular,2,80.00000000000001,0.0,4.786254401485958
20.0,shaft_1,shaft_1_angular_bearing_1,angular,3,119.99999999999997,0.0,10.507489533030798
20.0,shaft_1,shaft_1_angular_bearing_1,angular,4,160.00000000000003,0.0,15.000666343382193
20.0,shaft_1,shaft_1_angular_bearing_1,angular,5,-160.00000000000003,0.0,15.000666343382195
20.0,shaft_1,shaft_1_angular_bearing_1,angular,6,-120.00000000000001,0.0,10.507489533030805
20.0,shaft_1,shaft_1_angular_bearing_1,angular,7,-80.00000000000001,0.0,4.786254401485962
20.0,shaft_1,shaft_1_angular_bearing_1,angular,8,-39.99999999999996,760.6754879883937,0.7005720597120518
20.0,shaft_2,shaft_2_angular_bearing_1,angular,0,0.0,1495.224791004401,-0.7128140240236498
20.0,shaft_2,shaft_2_angular_bearing_1,angular,1,40.00000000000001,760.675487988384,0.7005720597120642
20.0,shaft_2,shaft_2_angular_bearing_1,angular,2,80.00000000000001,0.0,4.786254401485974
20.0,shaft_2,shaft_2_angular_bearing_1,angular,3,119.99999999999997,0.0,10.50748953303081
20.0,shaft_2,shaft_2_angular_bearing_1,angular,4,160.00000000000003,0.0,15.000666343382198
20.0,shaft_2,shaft_2_angular_bearing_1,angular,5,-160.00000000000003,0.0,15.000666343382202
20.0,shaft_2,shaft_2_angular_bearing_1,angular,6,-120.00000000000001,0.0,10.507489533030817
20.0,shaft_2,shaft_2_angular_bearing_1,angular,7,-80.00000000000001,0.0,4.7862544014859765
20.0,shaft_2,shaft_2_angular_bearing_1,angular,8,-39.99999999999996,760.675487988384,0.7005720597120655
25.0,shaft_1,shaft_1_angular_bearing_1,angular,0,0.0,1595.782839996675,-0.658695282996969
25.0,shaft_1,shaft_1_angular_bearing_1,angular,1,40.00000000000001,695.0378598881218,0.7561761875327888
25.0,shaft_1,shaft_1_angular_bearing_1,angular,2,80.00000000000001,0.0,4.979592372701597
25.0,shaft_1,shaft_1_angular_bearing_1,angular,3,119.99999999999997,0.0,11.242889286808419
25.0,shaft_1,shaft_1_angular_bearing_1,angular,4,160.00000000000003,0.0,16.456575092344206
25.0,shaft_1,shaft_1_angular_bearing_1,angular,5,-160.00000000000003,0.0,16.456575092344206
25.0,shaft_1,shaft_1_angular_bearing_1,angular,6,-120.00000000000001,0.0,11.242889286808426
25.0,shaft_1,shaft_1_angular_bearing_1,angular,7,-80.00000000000001,0.0,4.9795923727016
25.0,shaft_1,shaft_1_angular_bearing_1,angular,8,-39.99999999999996,695.0378598881218,0.7561761875327901
25.0,shaft_2,shaft_2_angular_bearing_1,angular,0,0.0,1595.7828399966584,-0.6586952829974944
25.0,shaft_2,shaft_2_angular_bearing_1,angular,1,40.00000000000001,695.0378598881093,0.7561761875322404
25.0,shaft_2,shaft_2_angular_bearing_1,angular,2,80.00000000000001,0.0,4.979592372700981
25.0,shaft_2,shaft_2_angular_bearing_1,angular,3,119.99999999999997,0.0,11.242889286807713
25.0,shaft_2,shaft_2_angular_bearing_1,angular,4,160.00000000000003,0.0,16.456575092343435
25.0,shaft_2,shaft_2_angular_bearing_1,angular,5,-160.00000000000003,0.0,16.456575092343435
25.0,shaft_2,shaft_2_angular_bearing_1,angular,6,-120.00000000000001,0.0,11.24288928680772
25.0,shaft_2,shaft_2_angular_bearing_1,angular,7,-80.00000000000001,0.0,4.979592372700985
25.0,shaft_2,shaft_2_angular_bearing_1,angular,8,-39.99999999999996,695.0378598881093,0.7561761875322417
30.0,shaft_1,shaft_1_angular_bearing_1,angular,0,0.0,1716.2102772273163,-0.5928422210216732
30.0,shaft_1,shaft_1_angular_bearing_1,angular,1,40.00000000000001,616.4289803124277,0.8252848113371687
30.0,shaft_1,shaft_1_angular_bearing_1,angular,2,80.00000000000001,0.0,5.229560970206871
30.0,shaft_1,shaft_1_angular_bearing_1,angular,3,119.99999999999997,0.0,12.263452775388895
30.0,shaft_1,shaft_1_angular_bearing_1,angular,4,160.00000000000003,0.0,18.598224083887683
30.0,shaft_1,shaft_1_angular_bearing_1,angular,5,-160.00000000000003,0.0,18.598224083887683
30.0,shaft_1,shaft_1_angular_bearing_1,angular,6,-120.00000000000001,0.0,12.263452775388902
30.0,shaft_1,shaft_1_angular_bearing_1,angular,7,-80.00000000000001,0.0,5.229560970206873
30.0,shaft_1,shaft_1_angular_bearing_1,angular,8,-39.99999999999996,616.4289803124277,0.8252848113371699
30.0,shaft_2,shaft_2_angular_bearing_1,angular,0,0.0,1716.2102772273038,-0.5928422210216076
30.0,shaft_2,shaft_2_angular_bearing_1,angular,1,40.00000000000001,616.4289803124217,0.8252848113372385
30.0,shaft_2,shaft_2_angular_bearing_1,angular,2,80.00000000000001,0.0,5.229560970206951
30.0,shaft_2,shaft_2_angular_bearing_1,angular,3,119.99999999999997,0.0,12.263452775388986
30.0,shaft_2,shaft_2_angular_bearing_1,angular,4,160.00000000000003,0.0,18.598224083887775
30.0,shaft_2,shaft_2_angular_bearing_1,angular,5,-160.00000000000003,0.0,18.598224083887775
30.0,shaft_2,shaft_2_angular_bearing_1,angular,6,-120.00000000000001,0.0,12.263452775388993
30.0,shaft_2,shaft_2_angular_bearing_1,angular,7,-80.00000000000001,0.0,5.229560970206955
30.0,shaft_2,shaft_2_angular_bearing_1,angular,8,-39.99999999999996,616.4289803124217,0.8252848113372399
35.0,shaft_1,shaft_1_angular_bearing_1,angular,0,0.0,1854.4449648256502,-0.5155265368092103
35.0,shaft_1,shaft_1_angular_bearing_1,angular,1,40.00000000000001,526.1939225851606,0.9084509593767178
35.0,shaft_1,shaft_1_angular_bearing_1,angular,2,80.00000000000001,0.0,5.545815656830648
35.0,shaft_1,shaft_1_angular_bearing_1,angular,3,119.99999999999997,0.0,13.682019215791028
35.0,shaft_1,shaft_1_angular_bearing_1,angular,4,160.00000000000003,0.0,21.8268248528232
35.0,shaft_1,shaft_1_angular_bearing_1,angular,5,-160.00000000000003,0.0,21.8268248528232
35.0,shaft_1,shaft_1_angular_bearing_1,angular,6,-120.00000000000001,0.0,13.682019215791035
35.0,shaft_1,shaft_1_angular_bearing_1,angular,7,-80.00000000000001,0.0,5.545815656830651
35.0,shaft_1,shaft_1_angular_bearing_1,angular,8,-39.99999999999996,526.1939225851578,0.9084509593767194
35.0,shaft_2,shaft_2_angular_bearing_1,angular,0,0.0,1854.444964825646,-0.5155265368092204
35.0,shaft_2,shaft_2_angular_bearing_1,angular,1,40.00000000000001,526.193922585155,0.9084509593767073
35.0,shaft_2,shaft_2_angular_bearing_1,angular,2,80.00000000000001,0.0,5.545815656830635
35.0,shaft_2,shaft_2_angular_bearing_1,angular,3,119.99999999999997,0.0,13.682019215791007
35.0,shaft_2,shaft_2_angular_bearing_1,angular,4,160.00000000000003,0.0,21.82682485282317
35.0,shaft_2,shaft_2_angular_bearing_1,angular,5,-160.00000000000003,0.0,21.82682485282317
35.0,shaft_2,shaft_2_angular_bearing_1,angular,6,-120.00000000000001,0.0,13.682019215791016
35.0,shaft_2,shaft_2_angular_bearing_1,angular,7,-80.00000000000001,0.0,5.545815656830639
35.0,shaft_2,shaft_2_angular_bearing_1,angular,8,-39.99999999999996,526.193922585155,0.9084509593767087
40.0,shaft_1,shaft_1_angular_bearing_1,angular,0,0.0,2007.5063352508466,-0.4272557140459117
40.0,shaft_1,shaft_1_angular_bearing_1,angular,1,40.00000000000001,426.2772231758081,1.0060997705379038
40.0,shaft_1,shaft_1_angular_bearing_1,angular,2,80.00000000000001,0.0,5.9412446437413085
40.0,shaft_1,shaft_1_angular_bearing_1,angular,3,119.99999999999997,0.0,15.690770062872542
40.0,shaft_1,shaft_1_angular_bearing_1,angular,4,160.00000000000003,0.0,26.946482698934858
40.0,shaft_1,shaft_1_angular_bearing_1,angular,5,-160.00000000000003,0.0,26.946482698934858
40.0,shaft_1,shaft_1_angular_bearing_1,angular,6,-120.00000000000001,0.0,15.690770062872557
40.0,shaft_1,shaft_1_angular_bearing_1,angular,7,-80.00000000000001,0.0,5.941244643741313
40.0,shaft_1,shaft_1_angular_bearing_1,angular,8,-39.99999999999996,426.2772231758081,1.0060997705379051
40.0,shaft_2,shaft_2_angular_bearing_1,angular,0,0.0,2007.506335250829,-0.42725571404643825
40.0,shaft_2,shaft_2_angular_bearing_1,angular,1,40.00000000000001,426.27722317579736,1.0060997705373351
40.0,shaft_2,shaft_2_angular_bearing_1,angular,2,80.00000000000001,0.0,5.941244643740599
40.0,shaft_2,shaft_2_angular_bearing_1,angular,3,119.99999999999997,0.0,15.690770062871584
40.0,shaft_2,shaft_2_angular_bearing_1,angular,4,160.00000000000003,0.0,26.946482698933686
40.0,shaft_2,shaft_2_angular_bearing_1,angular,5,-160.00000000000003,0.0,26.94648269893369
40.0,shaft_2,shaft_2_angular_bearing_1,angular,6,-120.00000000000001,0.0,15.690770062871596
40.0,shaft_2,shaft_2_angular_bearing_1,angular,7,-80.00000000000001,0.0,5.941244643740603
40.0,shaft_2,shaft_2_angular_bearing_1,angular,8,-39.99999999999996,426.27722317579736,1.0060997705373365
