psi_mrad,s_mm,shaft,label,kind,position_mm,arrangement,Z,C_N,alpha0_deg,power_W,Fr_N,Fa_N,Fa_over_Fr,Fr_over_C,delta_r_mm,delta_a_mm,Mz_Nmm,Kr_N_per_mm,Kr_xz_N_per_mm,Kr_xy_N_per_mm,Kr_tangent_N_per_mm,m_defl,p_life,n_loaded,zone_half_angle_deg,alpha_max_deg,Q_max_N,Q_max_over_Fr_per_Z,q_lamina_max_N,lamina_loaded_frac,lamina_peak_over_mean,equil_err_rel,ok,residual,n_iter,L10r_Mrev,L10h_h,postprocessed,error
0.0,0.0,shaft_1,shaft_1_ball_bearing_1,ball,10.0,locating,9,8539.125310422138,0.0,10471.9755,2660.4444281502115,0.0,0.0,0.31155936134384826,0.02787425798403392,0.0,0.0,95444.4932551778,95444.4932551778,95444.49325517785,nan,nan,nan,5,80.00000000000001,0.0,1296.2891391905102,4.385208023618182,nan,nan,nan,1.0204466802863465e-13,True,2.714841684792191e-10,11,32.659035420351906,544.317257005865,True,
0.0,0.0,shaft_2,shaft_2_ball_bearing_1,ball,10.0,locating,9,8539.125310422138,0.0,10471.9755,2660.444428150186,0.0,0.0,0.3115593613438453,0.027874257984033708,0.0,0.0,95444.49325517761,95444.49325517761,95444.49325517761,nan,nan,nan,5,80.00000000000001,0.0,1296.2891391904948,4.385208023618171,nan,nan,nan,1.0426674622691412e-13,True,2.773958840407431e-10,11,32.65903542035307,1088.634514011769,True,
0.0,0.01,shaft_1,shaft_1_ball_bearing_1,ball,10.0,locating,9,8447.160006318012,10.844062563696822,10471.9755,2660.4444281502115,0.0,0.0,0.31495134769086236,0.03385265139951086,-0.052678268574692516,2.563689172853185e-05,78588.95295240161,78588.95295240161,78588.95295240165,nan,nan,nan,5,80.00000000000001,3.5167661977185094e-08,1365.3051534301437,4.618681845354265,nan,nan,nan,1.1599308020195908e-09,True,3.6296029115115025e-06,16,31.095844171106584,518.2640695184431,True,
0.0,0.01,shaft_2,shaft_2_ball_bearing_1,ball,10.0,locating,9,8447.160006318012,10.844062563696822,10471.9755,2660.444428150186,0.0,0.0,0.31495134769085936,0.03385265139951063,-0.05267826857469301,2.5636825102834296e-05,78588.95295240139,78588.95295240139,78588.95295240139,nan,nan,nan,5,80.00000000000001,3.516757058272025e-08,1365.3051534301276,4.6186818453542555,nan,nan,nan,1.1599285799414036e-09,True,3.62959527112751e-06,16,31.095844171107693,1036.5281390369232,True,
0.0,0.02,shaft_1,shaft_1_ball_bearing_1,ball,10.0,locating,9,8352.728048733758,15.358885580822717,10471.9755,2660.4444281502115,0.0,0.0,0.31851203734012684,0.03962630705909062,-0.07416198478388071,1.1763814609743127e-05,67138.33878546808,67138.33878546808,67138.33878546812,nan,nan,nan,3,40.00000000000001,1.611324860448149e-08,1420.7595213121742,4.806278062609323,nan,nan,nan,4.213990118197425e-10,True,1.4182932770899914e-06,17,30.277934626898652,504.6322437816442,True,
0.0,0.02,shaft_2,shaft_2_ball_bearing_1,ball,10.0,locating,9,8352.728048733758,15.358885580822717,10471.9755,2660.444428150186,0.0,0.0,0.3185120373401238,0.03962630705909044,-0.0741619847838806,1.176382960866594e-05,67138.33878546774,67138.33878546774,67138.33878546774,nan,nan,nan,3,40.00000000000001,1.6113269148954688e-08,1420.7595213121583,4.806278062609316,nan,nan,nan,4.213990118197465e-10,True,1.418293955518061e-06,17,30.277934626899583,1009.2644875633193,True,
0.5,0.0,shaft_1,shaft_1_ball_bearing_1,ball,10.0,locating,9,8539.125310422138,0.0,10471.9755,2660.4444281502115,0.0,0.0,0.31155936134384826,0.027869467509229147,-0.006423555241780886,52.37021069479486,95460.89918184438,95460.89918184438,95460.89918184445,nan,nan,nan,5,80.00000000000001,0.25988229443173055,1296.1758917835482,4.38482491970822,nan,nan,nan,6.437189611320571e-13,True,2.337303140141835e-09,22,32.67241465894794,544.5402443157991,True,
0.5,0.0,shaft_2,shaft_2_ball_bearing_1,ball,10.0,locating,9,8539.125310422138,0.0,10471.9755,2660.444428150186,0.0,0.0,0.3115593613438453,0.027869467509228973,-0.00642355524178093,52.37021069478865,95460.89918184406,95460.89918184406,95460.89918184407,nan,nan,nan,5,80.00000000000001,0.25988229443172245,1296.1758917835405,4.384824919708236,nan,nan,nan,6.462828975146923e-13,True,2.341996224552441e-09,22,32.6724146589486,1089.0804886316198,True,
0.5,0.01,shaft_1,shaft_1_ball_bearing_1,ball,10.0,locating,9,8447.160006318012,10.844062563696822,10471.9755,2660.4444281502115,0.0,0.0,0.31495134769086236,0.03384960596378001,-0.059443844303772385,19.67468097362148,78596.02356957887,78596.02356957887,78596.02356957892,nan,nan,nan,5,80.00000000000001,0.1953772903048316,1365.2164448582,4.618381753708281,nan,nan,nan,1.5451203658820168e-10,True,4.674415314674006e-07,17,31.102808983622623,518.3801497270437,True,
0.5,0.01,shaft_2,shaft_2_ball_bearing_1,ball,10.0,locating,9,8447.160006318012,10.844062563696822,10471.9755,2660.444428150186,0.0,0.0,0.31495134769085936,0.03384960596377984,-0.05944384430377242,19.67468097361666,78596.02356957851,78596.02356957851,78596.02356957852,nan,nan,nan,5,80.00000000000001,0.19537729030482529,1365.216444858188,4.618381753708285,nan,nan,nan,1.545132330918484e-10,True,4.674441746730296e-07,17,31.102808983623422,1036.7602994541141,True,
0.5,0.02,shaft_1,shaft_1_ball_bearing_1,ball,10.0,locating,9,8352.728048733758,15.358885580822717,10471.9755,2660.4444281502115,0.0,0.0,0.31851203734012684,0.03962483535981913,-0.08099174575242817,16.435835999145308,67140.83235909135,67140.83235909135,67140.8323590914,nan,nan,nan,3,40.00000000000001,0.18277949843425942,1420.7669878414995,4.806303321082387,nan,nan,nan,3.106950759815088e-10,True,1.1128005646961098e-06,17,30.277494255772222,504.62490426287036,True,
0.5,0.02,shaft_2,shaft_2_ball_bearing_1,ball,10.0,locating,9,8352.728048733758,15.358885580822717,10471.9755,2660.444428150186,0.0,0.0,0.3185120373401238,0.039624835359818894,-0.08099174575242944,16.435835998972635,67140.8323590911,67140.8323590911,67140.83235909112,nan,nan,nan,3,40.00000000000001,0.18277949843402333,1420.7669878414797,4.806303321082367,nan,nan,nan,3.1069934920881614e-10,True,1.1128175358040273e-06,17,30.27749425577348,1009.2498085257827,True,
1.0,0.0,shaft_1,shaft_1_ball_bearing_1,ball,10.0,locating,9,8539.125310422138,0.0,10471.9755,2660.4444281502115,0.0,0.0,0.31155936134384826,0.027855021384675615,-0.012821660892388252,107.45440532852925,95510.4069535502,95510.4069535502,95510.40695355025,nan,nan,nan,5,80.00000000000001,0.5245140231940825,1295.8471621356373,4.383712862339198,nan,nan,nan,6.864512341758739e-13,True,7.82838164546368e-09,22,32.71228720540907,545.2047867568178,True,
1.0,0.0,shaft_2,shaft_2_ball_bearing_1,ball,10.0,locating,9,8539.125310422138,0.0,10471.9755,2660.444428150186,0.0,0.0,0.3115593613438453,0.02785502138467542,-0.012821660892388244,107.45440532852871,95510.40695354994,95510.40695354994,95510.40695354996,nan,nan,nan,5,80.00000000000001,0.5245140231940844,1295.8471621356214,4.383712862339187,nan,nan,nan,6.862803050837053e-13,True,7.828266852611241e-09,22,32.71228720541011,1090.4095735136702,True,
1.0,0.01,shaft_1,shaft_1_ball_bearing_1,ball,10.0,locating,9,8447.160006318012,10.844062563696822,10471.9755,2660.4444281502115,0.0,0.0,0.31495134769086236,0.033840233498383145,-0.06619397578468819,41.01895927373857,78617.79169689609,78617.79169689609,78617.79169689612,nan,nan,nan,5,80.00000000000001,0.39362656673872143,1364.9410827146894,4.617450232919735,nan,nan,nan,2.2700559433029678e-09,True,6.933193890336942e-06,17,31.124696987157666,518.7449497859611,True,
1.0,0.01,shaft_2,shaft_2_ball_bearing_1,ball,10.0,locating,9,8447.160006318012,10.844062563696822,10471.9755,2660.444428150186,0.0,0.0,0.31495134769085936,0.033840233498382964,-0.06619397578468825,41.01895927373033,78617.79169689576,78617.79169689576,78617.79169689576,nan,nan,nan,5,80.00000000000001,0.39362656673871144,1364.9410827146735,4.617450232919725,nan,nan,nan,2.270055601444805e-09,True,6.933192819023466e-06,17,31.124696987158647,1037.4898995719548,True,
1.0,0.02,shaft_1,shaft_1_ball_bearing_1,ball,10.0,locating,9,8352.728048733758,15.358885580822717,10471.9755,2660.4444281502115,0.0,0.0,0.31851203734012684,0.0396204202842065,-0.08782150837874057,32.87212543242155,67148.31415381825,67148.31415381825,67148.3141538183,nan,nan,nan,3,40.00000000000001,0.3655598047634523,1420.789390411382,4.806379106589053,nan,nan,nan,3.670500558135101e-10,True,1.4078673207228856e-06,18,30.276172944641836,504.60288241069725,True,
1.0,0.02,shaft_2,shaft_2_ball_bearing_1,ball,10.0,locating,9,8352.728048733758,15.358885580822717,10471.9755,2660.444428150186,0.0,0.0,0.3185120373401238,0.039620420284206315,-0.08782150837874074,32.87212543239902,67148.31415381792,67148.31415381792,67148.31415381793,nan,nan,nan,3,40.00000000000001,0.3655598047634217,1420.78939041137,4.806379106589059,nan,nan,nan,3.6705056860079013e-10,True,1.4078670831086515e-06,18,30.276172944642653,1009.2057648214218,True,
1.5,0.0,shaft_1,shaft_1_ball_bearing_1,ball,10.0,locating,9,8539.125310422138,0.0,10471.9755,2660.4444281502115,0.0,0.0,0.31155936134384826,0.027830695103272754,-0.019169168264958562,167.9341152736019,95593.89078418512,95593.89078418512,95593.89078418518,nan,nan,nan,5,80.00000000000001,0.7985887329086615,1295.3363955753027,4.381984993493538,nan,nan,nan,6.450915217422245e-11,True,1.87030631534934e-07,20,32.777783603122124,546.2963933853687,True,
1.5,0.0,shaft_2,shaft_2_ball_bearing_1,ball,10.0,locating,9,8539.125310422138,0.0,10471.9755,2660.444428150186,0.0,0.0,0.3115593613438453,0.02783069510327319,-0.019169168264957338,167.9341152737721,95593.8907841827,95593.8907841827,95593.89078418272,nan,nan,nan,5,80.00000000000001,0.7985887329088882,1295.3363955753337,4.381984993493685,nan,nan,nan,6.447821400853934e-11,True,1.8694985543141942e-07,20,32.77778360311993,1092.5927867706644,True,
1.5,0.01,shaft_1,shaft_1_ball_bearing_1,ball,10.0,locating,9,8447.160006318012,10.844062563696822,10471.9755,2660.4444281502115,0.0,0.0,0.31495134769086236,0.033823906301845334,-0.0729101106006869,66.03988491168508,78655.74142762645,78655.74142762645,78655.74142762649,nan,nan,nan,5,80.00000000000001,0.5981977390534581,1364.459675753669,4.615821684469957,nan,nan,nan,1.2498535548751584e-07,True,0.0003950638732775931,16,31.16401445671578,519.400240945263,True,
1.5,0.01,shaft_2,shaft_2_ball_bearing_1,ball,10.0,locating,9,8447.160006318012,10.844062563696822,10471.9755,2660.444428150186,0.0,0.0,0.31495134769085936,0.03382390630184275,-0.07291011060070694,66.0398849089602,78655.74142763168,78655.74142763168,78655.7414276317,nan,nan,nan,5,80.00000000000001,0.5981977390497456,1364.459675753472,4.615821684469335,nan,nan,nan,1.2498522865813063e-07,True,0.00039506347893601094,16,31.164014456728882,1038.8004818909628,True,
1.5,0.02,shaft_1,shaft_1_ball_bearing_1,ball,10.0,locating,9,8352.728048733758,15.358885580822717,10471.9755,2660.4444281502115,0.0,0.0,0.31851203734012684,0.03961306169102146,-0.0946512752587173,49.30921712979027,67160.78774474574,67160.78774474574,67160.78774474579,nan,nan,nan,3,40.00000000000001,0.5483415857160941,1420.8267224914132,4.806505397037643,nan,nan,nan,1.5882389386741497e-11,True,7.226602315508085e-08,19,30.273971098530076,504.5661849755013,True,
1.5,0.02,shaft_2,shaft_2_ball_bearing_1,ball,10.0,locating,9,8352.728048733758,15.358885580822717,10471.9755,2660.444428150186,0.0,0.0,0.3185120373401238,0.03961306169102125,-0.09465127525871729,49.30921712979185,67160.78774474547,67160.78774474547,67160.78774474547,nan,nan,nan,3,40.00000000000001,0.5483415857160971,1420.8267224913973,4.806505397037635,nan,nan,nan,1.5880338237635547e-11,True,7.22629597100727e-08,19,30.273971098531124,1009.1323699510374,True,
2.0,0.0,shaft_1,shaft_1_ball_bearing_1,ball,10.0,locating,9,8539.125310422138,0.0,10471.9755,2660.4444281502115,0.0,0.0,0.31155936134384826,0.02779611136328627,-0.02544169396537885,236.40875948830418,95712.82807796582,95712.82807796582,95712.82807796588,nan,nan,nan,5,80.00000000000001,1.0866576267626216,1294.7003067582805,4.379833172808007,nan,nan,nan,4.638210485612612e-10,True,1.2581142685999223e-06,17,32.86722894581565,547.7871490969275,True,
2.0,0.0,shaft_2,shaft_2_ball_bearing_1,ball,10.0,locating,9,8539.125310422138,0.0,10471.9755,2660.444428150186,0.0,0.0,0.3115593613438453,0.027796111363286108,-0.02544169396537883,236.40875948830507,95712.82807796547,95712.82807796547,95712.82807796547,nan,nan,nan,5,80.00000000000001,1.0866576267626258,1294.7003067582689,4.379833172808009,nan,nan,nan,4.6382087763217347e-10,True,1.258113781546894e-06,17,32.86722894581654,1095.5742981938847,True,
2.0,0.01,shaft_1,shaft_1_ball_bearing_1,ball,10.0,locating,9,8447.160006318012,10.844062563696822,10471.9755,2660.4444281502115,0.0,0.0,0.31495134769086236,0.033799768130963935,-0.07956919808758493,97.23031148002528,78711.91358005146,78711.91358005146,78711.91358005152,nan,nan,nan,5,80.00000000000001,0.8133771590401528,1363.7606017645446,4.613456791658987,nan,nan,nan,4.476411656360433e-08,True,0.0001489913137751307,17,31.223759246113843,520.3959874352307,True,
2.0,0.01,shaft_2,shaft_2_ball_bearing_1,ball,10.0,locating,9,8447.160006318012,10.844062563696822,10471.9755,2660.444428150186,0.0,0.0,0.31495134769085936,0.03379976813097285,-0.07956919808749012,97.23031149296263,78711.91358002996,78711.91358002996,78711.91358002996,nan,nan,nan,5,80.00000000000001,0.8133771590577177,1363.7606017652733,4.613456791661496,nan,nan,nan,4.47636415516576e-08,True,0.00014898971462263283,17,31.22375924606712,1040.7919748689042,True,
2.0,0.02,shaft_1,shaft_1_ball_bearing_1,ball,10.0,locating,9,8352.728048733758,15.358885580822717,10471.9755,2660.4444281502115,0.0,0.0,0.31851203734012684,0.03960275944704294,-0.1014810479966314,65.74757960649667,67178.25892177473,67178.25892177473,67178.25892177479,nan,nan,nan,3,40.00000000000001,0.7311256756540438,1420.878981027258,4.806682182095669,nan,nan,nan,1.7147606527022828e-12,True,7.272649382547082e-09,20,30.27088889609634,504.514814934939,True,
2.0,0.02,shaft_2,shaft_2_ball_bearing_1,ball,10.0,locating,9,8352.728048733758,15.358885580822717,10471.9755,2660.444428150186,0.0,0.0,0.3185120373401238,0.039602759447042786,-0.10148104799663137,65.74757960649994,67178.25892177437,67178.25892177437,67178.25892177437,nan,nan,nan,3,40.00000000000001,0.7311256756540494,1420.8789810272463,4.806682182095675,nan,nan,nan,1.7132222908727217e-12,True,7.269863620320036e-09,20,30.27088889609709,1009.029629869903,True,
3.0,0.0,shaft_1,shaft_1_ball_bearing_1,ball,10.0,locating,9,8539.125310422138,0.0,10471.9755,2660.4444281502115,0.0,0.0,0.31155936134384826,0.027693833724333105,-0.03767246940266787,406.8665584742008,96066.31045136304,96066.31045136304,96066.31045136308,nan,nan,nan,5,80.00000000000001,1.7214547193123648,1293.3957345136187,4.375419943921237,nan,nan,nan,3.5474794719147176e-11,True,9.856308355467316e-08,17,33.10559337309977,551.7598895516628,True,
3.0,0.0,shaft_2,shaft_2_ball_bearing_1,ball,10.0,locating,9,8539.125310422138,0.0,10471.9755,2660.444428150186,0.0,0.0,0.3115593613438453,0.027693833724332942,-0.037672469402667864,406.866558474198,96066.31045136267,96066.31045136267,96066.31045136267,nan,nan,nan,5,80.00000000000001,1.721454719312367,1293.395734513607,4.375419943921241,nan,nan,nan,3.5475991222792745e-11,True,9.856613301085341e-08,17,33.10559337310064,1103.5197791033547,True,
3.0,0.01,shaft_1,shaft_1_ball_bearing_1,ball,10.0,locating,9,8447.160006318012,10.844062563696822,10471.9755,2660.4444281502115,0.0,0.0,0.31495134769086236,0.033724492533358914,-0.09260556549014032,190.11645975225704,78887.60447673472,78887.60447673472,78887.60447673476,nan,nan,nan,5,80.00000000000001,1.2961406411156366,1361.8181960872478,4.606885840237976,nan,nan,nan,1.4802459382378158e-13,True,8.273267298376461e-10,19,31.41175723527482,523.5292872545804,True,
3.0,0.01,shaft_2,shaft_2_ball_bearing_1,ball,10.0,locating,9,8447.160006318012,10.844062563696822,10471.9755,2660.444428150186,0.0,0.0,0.31495134769085936,0.03372449253335879,-0.09260556549014035,190.11645975225244,78887.60447673425,78887.60447673425,78887.60447673427,nan,nan,nan,5,80.00000000000001,1.2961406411156318,1361.81819608724,4.606885840237994,nan,nan,nan,1.5178503385163892e-13,True,8.319620996497206e-10,19,31.411757235275367,1047.058574509179,True,
3.0,0.02,shaft_1,shaft_1_ball_bearing_1,ball,10.0,locating,9,8352.728048733758,15.358885580822717,10471.9755,2660.4444281502115,0.0,0.0,0.31851203734012684,0.03957332312999052,-0.11514061762661738,98.62994925327953,67228.22896149456,67228.22896149456,67228.2289614946,nan,nan,nan,3,40.00000000000001,1.0967040919492066,1421.0282547995312,4.807187159360461,nan,nan,nan,4.958700824150317e-09,True,1.909452263745227e-05,18,30.26208482947622,504.3680804912703,True,
3.0,0.02,shaft_2,shaft_2_ball_bearing_1,ball,10.0,locating,9,8352.728048733758,15.358885580822717,10471.9755,2660.444428150186,0.0,0.0,0.3185120373401238,0.03957332312999023,-0.11514061762661934,98.62994925301464,67228.22896149442,67228.22896149442,67228.22896149442,nan,nan,nan,3,40.00000000000001,1.0967040919488453,1421.0282547995112,4.807187159360439,nan,nan,nan,4.958695183490322e-09,True,1.909449820260722e-05,18,30.26208482947756,1008.7361609825854,True,
4.0,0.0,shaft_1,shaft_1_ball_bearing_1,ball,10.0,locating,9,8539.125310422138,0.0,10471.9755,2660.4444281502115,0.0,0.0,0.31155936134384826,0.02754156383083451,-0.04936383527126631,634.8636912109031,96597.43522521682,96597.43522521682,96597.43522521688,nan,nan,nan,5,80.00000000000001,2.4569410589444027,1292.822539842682,4.373480887429832,nan,nan,nan,6.35992966165735e-12,True,3.9014686083832566e-08,17,33.3878828326086,556.4647138768099,True,
4.0,0.0,shaft_2,shaft_2_ball_bearing_1,ball,10.0,locating,9,8539.125310422138,0.0,10471.9755,2660.444428150186,0.0,0.0,0.3115593613438453,0.027541563830834295,-0.049363835271266227,634.8636912109082,96597.43522521666,96597.43522521666,96597.43522521667,nan,nan,nan,5,80.00000000000001,2.4569410589444205,1292.8225398426666,4.373480887429822,nan,nan,nan,6.364373818053968e-12,True,3.901872349131212e-08,17,33.38788283260993,1112.9294277536644,True,
4.0,0.01,shaft_1,shaft_1_ball_bearing_1,ball,10.0,locating,9,8447.160006318012,10.844062563696822,10471.9755,2660.4444281502115,0.0,0.0,0.31495134769086236,0.03360742024449117,-0.10508089255768346,343.77706392116613,79162.41141973114,79162.41141973114,79162.41141973119,nan,nan,nan,5,80.00000000000001,1.8832433994116564,1359.7403665010052,4.599856764163952,nan,nan,nan,4.876799465918169e-09,True,1.9971946896264986e-05,19,31.684091293434303,528.068188223905,True,
4.0,0.01,shaft_2,shaft_2_ball_bearing_1,ball,10.0,locating,9,8447.160006318012,10.844062563696822,10471.9755,2660.444428150186,0.0,0.0,0.31495134769085936,0.03360742024449077,-0.10508089255768664,343.77706392071497,79162.41141973133,79162.41141973133,79162.41141973133,nan,nan,nan,5,80.00000000000001,1.8832433994110696,1359.7403665009697,4.599856764163875,nan,nan,nan,4.876809550734654e-09,True,1.997199245200587e-05,19,31.684091293436456,1056.136376447882,True,
4.0,0.02,shaft_1,shaft_1_ball_bearing_1,ball,10.0,locating,9,8352.728048733758,15.358885580822717,10471.9755,2660.4444281502115,0.0,0.0,0.31851203734012684,0.03952872943046687,-0.1287561596278284,136.32780059737573,67304.07140533252,67304.07140533252,67304.07140533256,nan,nan,nan,5,80.00000000000001,1.4704700873414327,1421.0752385491803,4.807346100378874,nan,nan,nan,2.0336801528828966e-11,True,1.5721617027418944e-07,20,30.263720343659376,504.39533906098956,True,
4.0,0.02,shaft_2,shaft_2_ball_bearing_1,ball,10.0,locating,9,8352.728048733758,15.358885580822717,10471.9755,2660.444428150186,0.0,0.0,0.3185120373401238,0.039528729430466675,-0.12875615962782738,136.32780059751954,67304.0714053322,67304.0714053322,67304.07140533222,nan,nan,nan,5,80.00000000000001,1.4704700873416234,1421.0752385491724,4.807346100378893,nan,nan,nan,2.0335605025183934e-11,True,1.5722547326921002e-07,20,30.26372034366014,1008.7906781220046,True,
5.0,0.0,shaft_1,shaft_1_ball_bearing_1,ball,10.0,locating,9,8539.125310422138,0.0,10471.9755,2660.4444281502115,0.0,0.0,0.31155936134384826,0.028196794967457868,-0.054665936036953466,2916.815339562369,94352.7245284668,94352.7245284668,94352.72452846686,nan,nan,nan,9,160.00000000000003,4.366600561374788,1382.299263273174,4.676171108038702,nan,nan,nan,1.6952576432850846e-11,True,3.983639120942831e-07,15,28.144427415874908,469.0737902645818,True,
5.0,0.0,shaft_2,shaft_2_ball_bearing_1,ball,10.0,locating,9,8539.125310422138,0.0,10471.9755,2660.444428150186,0.0,0.0,0.3115593613438453,0.028196794967457715,-0.054665936036953314,2916.815339562384,94352.72452846641,94352.72452846641,94352.72452846641,nan,nan,nan,9,160.00000000000003,4.366600561374818,1382.299263273162,4.676171108038707,nan,nan,nan,1.695326014921971e-11,True,3.983645418703703e-07,15,28.14442741587562,938.1475805291873,True,
5.0,0.01,shaft_1,shaft_1_ball_bearing_1,ball,10.0,locating,9,8447.160006318012,10.844062563696822,10471.9755,2660.4444281502115,0.0,0.0,0.31495134769086236,0.03344056150438927,-0.11682877606438402,576.3259952404972,79557.40898073773,79557.40898073773,79557.40898073777,nan,nan,nan,5,80.00000000000001,2.6056471193676454,1358.719177773367,4.596402191517555,nan,nan,nan,1.6180079493673945e-10,True,7.480429754445182e-07,17,31.999250032333652,533.3208338722276,True,
5.0,0.01,shaft_2,shaft_2_ball_bearing_1,ball,10.0,locating,9,8447.160006318012,10.844062563696822,10471.9755,2660.444428150186,0.0,0.0,0.31495134769085936,0.033440561504389135,-0.11682877606438412,576.3259952404768,79557.40898073728,79557.40898073728,79557.4089807373,nan,nan,nan,5,80.00000000000001,2.6056471193676263,1358.7191777733553,4.59640219151756,nan,nan,nan,1.617994275040036e-10,True,7.480420985374555e-07,17,31.999250032334437,1066.641667744481,True,
5.0,0.02,shaft_1,shaft_1_ball_bearing_1,ball,10.0,locating,9,8352.728048733758,15.358885580822717,10471.9755,2660.4444281502115,0.0,0.0,0.31851203734012684,0.03941868421473548,-0.1415079953968412,268.50568353065967,67491.9643095465,67491.9643095465,67491.96430954654,nan,nan,nan,5,80.00000000000001,2.0043508983805123,1419.4507721576852,4.801850703681706,nan,nan,nan,4.054267137305168e-12,True,1.0860777740045253e-08,18,30.457870920862145,507.6311820143691,True,
5.0,0.02,shaft_2,shaft_2_ball_bearing_1,ball,10.0,locating,9,8352.728048733758,15.358885580822717,10471.9755,2660.444428150186,0.0,0.0,0.3185120373401238,0.03941868421473534,-0.14150799539684122,268.50568353065154,67491.96430954609,67491.96430954609,67491.9643095461,nan,nan,nan,5,80.00000000000001,2.0043508983805087,1419.4507721576692,4.801850703681698,nan,nan,nan,4.053925279120856e-12,True,1.085981661501871e-08,18,30.457870920863094,1015.2623640287699,True,
