psi_mrad,s_mm,shaft,label,kind,j,phi_deg,Q_N,alpha_j_deg
0.0,0.0,shaft_1,shaft_1_ball_bearing_1,ball,0,0.0,1296.2891391905102,0.0
0.0,0.0,shaft_1,shaft_1_ball_bearing_1,ball,1,40.00000000000001,869.1261803215,0.0
0.0,0.0,shaft_1,shaft_1_ball_bearing_1,ball,2,80.00000000000001,93.80094795149115,0.0
0.0,0.0,shaft_1,shaft_1_ball_bearing_1,ball,3,119.99999999999997,0.0,0.0
0.0,0.0,shaft_1,shaft_1_ball_bearing_1,ball,4,160.00000000000003,0.0,0.0
0.0,0.0,shaft_1,shaft_1_ball_bearing_1,ball,5,-160.00000000000003,0.0,0.0
0.0,0.0,shaft_1,shaft_1_ball_bearing_1,ball,6,-120.00000000000001,0.0,0.0
0.0,0.0,shaft_1,shaft_1_ball_bearing_1,ball,7,-80.00000000000001,93.80094795149115,0.0
0.0,0.0,shaft_1,shaft_1_ball_bearing_1,ball,8,-39.99999999999996,869.1261803215,0.0
0.0,0.0,shaft_2,shaft_2_ball_bearing_1,ball,0,0.0,1296.2891391904948,0.0
0.0,0.0,shaft_2,shaft_2_ball_bearing_1,ball,1,40.00000000000001,869.1261803214899,0.0
0.0,0.0,shaft_2,shaft_2_ball_bearing_1,ball,2,80.00000000000001,93.80094795148955,0.0
0.0,0.0,shaft_2,shaft_2_ball_bearing_1,ball,3,119.99999999999997,0.0,0.0
0.0,0.0,shaft_2,shaft_2_ball_bearing_1,ball,4,160.00000000000003,0.0,0.0
0.0,0.0,shaft_2,shaft_2_ball_bearing_1,ball,5,-160.00000000000003,0.0,0.0
0.0,0.0,shaft_2,shaft_2_ball_bearing_1,ball,6,-120.00000000000001,0.0,0.0
0.0,0.0,shaft_2,shaft_2_ball_bearing_1,ball,7,-80.00000000000001,93.80094795148955,0.0
0.0,0.0,shaft_2,shaft_2_ball_bearing_1,ball,8,-39.99999999999996,869.1261803214899,0.0
0.0,0.01,shaft_1,shaft_1_ball_bearing_1,ball,0,0.0,1365.3051534301437,3.5167661977185094e-08
0.0,0.01,shaft_1,shaft_1_ball_bearing_1,ball,1,40.00000000000001,843.6979677283624,3.609321278002948e-08
0.0,0.01,shaft_1,shaft_1_ball_bearing_1,ball,2,80.00000000000001,7.253165975220896,3.8670199147763934e-08
0.0,0.01,shaft_1,shaft_1_ball_bearing_1,ball,3,119.99999999999997,0.0,4.208730578438967e-08
0.0,0.01,shaft_1,shaft_1_ball_bearing_1,ball,4,160.00000000000003,0.0,4.46633257183428e-08
0.0,0.01,shaft_1,shaft_1_ball_bearing_1,ball,5,-160.00000000000003,0.0,4.46633257183428e-08
0.0,0.01,shaft_1,shaft_1_ball_bearing_1,ball,6,-120.00000000000001,0.0,4.208730578438967e-08
0.0,0.01,shaft_1,shaft_1_ball_bearing_1,ball,7,-80.00000000000001,7.253165975220896,3.8670199147763934e-08
0.0,0.01,shaft_1,shaft_1_ball_bearing_1,ball,8,-39.99999999999996,843.6979677283624,3.609321278002948e-08
0.0,0.01,shaft_2,shaft_2_ball_bearing_1,ball,0,0.0,1365.3051534301276,3.516757058272025e-08
0.0,0.01,shaft_2,shaft_2_ball_bearing_1,ball,1,40.00000000000001,843.6979677283524,3.60931189802236e-08
0.0,0.01,shaft_2,shaft_2_ball_bearing_1,ball,2,80.00000000000001,7.253165975220209,3.8670098650831284e-08
0.0,0.01,shaft_2,shaft_2_ball_bearing_1,ball,3,119.99999999999997,0.0,4.208719640700789e-08
0.0,0.01,shaft_2,shaft_2_ball_bearing_1,ball,4,160.00000000000003,0.0,4.466320964634582e-08
0.0,0.01,shaft_2,shaft_2_ball_bearing_1,ball,5,-160.00000000000003,0.0,4.466320964634582e-08
0.0,0.01,shaft_2,shaft_2_ball_bearing_1,ball,6,-120.00000000000001,0.0,4.208719640700789e-08
0.0,0.01,shaft_2,shaft_2_ball_bearing_1,ball,7,-80.00000000000001,7.253165975220209,3.8670098650831284e-08
0.0,0.01,shaft_2,shaft_2_ball_bearing_1,ball,8,-39.99999999999996,843.6979677283524,3.60931189802236e-08
0.0,0.02,shaft_1,shaft_1_ball_bearing_1,ball,0,0.0,1420.7595213121742,1.611324860448149e-08
0.0,0.02,shaft_1,shaft_1_ball_bearing_1,ball,1,40.00000000000001,809.1468576625423,1.661060128888118e-08
0.0,0.02,shaft_1,shaft_1_ball_bearing_1,ball,2,80.00000000000001,0.0,1.8018878187012508e-08
0.0,0.02,shaft_1,shaft_1_ball_bearing_1,ball,3,119.99999999999997,0.0,1.994143869078195e-08
0.0,0.02,shaft_1,shaft_1_ball_bearing_1,ball,4,160.00000000000003,0.0,2.1434145371137877e-08
0.0,0.02,shaft_1,shaft_1_ball_bearing_1,ball,5,-160.00000000000003,0.0,2.1434145371137877e-08
0.0,0.02,shaft_1,shaft_1_ball_bearing_1,ball,6,-120.00000000000001,0.0,1.994143869078195e-08
0.0,0.02,shaft_1,shaft_1_ball_bearing_1,ball,7,-80.00000000000001,0.0,1.801887818701251e-08
0.0,0.02,shaft_1,shaft_1_ball_bearing_1,ball,8,-39.99999999999996,809.1468576625423,1.661060128888118e-08
0.0,0.02,shaft_2,shaft_2_ball_bearing_1,ball,0,0.0,1420.7595213121583,1.6113269148954688e-08
0.0,0.02,shaft_2,shaft_2_ball_bearing_1,ball,1,40.00000000000001,809.1468576625356,1.661062246748155e-08
0.0,0.02,shaft_2,shaft_2_ball_bearing_1,ball,2,80.00000000000001,0.0,1.801890116117302e-08
0.0,0.02,shaft_2,shaft_2_ball_bearing_1,ball,3,119.99999999999997,0.0,1.9941464116216784e-08
0.0,0.02,shaft_2,shaft_2_ball_bearing_1,ball,4,160.00000000000003,0.0,2.1434172699781243e-08
0.0,0.02,shaft_2,shaft_2_ball_bearing_1,ball,5,-160.00000000000003,0.0,2.1434172699781243e-08
0.0,0.02,shaft_2,shaft_2_ball_bearing_1,ball,6,-120.00000000000001,0.0,1.9941464116216784e-08
0.0,0.02,shaft_2,shaft_2_ball_bearing_1,ball,7,-80.00000000000001,0.0,1.801890116117302e-08
0.0,0.02,shaft_2,shaft_2_ball_bearing_1,ball,8,-39.99999999999996,809.1468576625356,1.661062246748155e-08
0.5,0.0,shaft_1,shaft_1_ball_bearing_1,ball,0,0.0,1296.1758917835482,0.25988229443173055
0.5,0.0,shaft_1,shaft_1_ball_bearing_1,ball,1,40.00000000000001,868.9211367799337,-0.0823433087414597
0.5,0.0,shaft_1,shaft_1_ball_bearing_1,ball,2,80.00000000000001,95.08895941643706,-1.0188490262604566
0.5,0.0,shaft_1,shaft_1_ball_bearing_1,ball,3,119.99999999999997,0.0,-2.2241597860335633
0.5,0.0,shaft_1,shaft_1_ball_bearing_1,ball,4,160.00000000000003,0.0,-3.1058575700460467
0.5,0.0,shaft_1,shaft_1_ball_bearing_1,ball,5,-160.00000000000003,0.0,-3.105857570046047
0.5,0.0,shaft_1,shaft_1_ball_bearing_1,ball,6,-120.00000000000001,0.0,-2.224159786033564
0.5,0.0,shaft_1,shaft_1_ball_bearing_1,ball,7,-80.00000000000001,95.08895941643544,-1.0188490262604573
0.5,0.0,shaft_1,shaft_1_ball_bearing_1,ball,8,-39.99999999999996,868.9211367799337,-0.08234330874146004
0.5,0.0,shaft_2,shaft_2_ball_bearing_1,ball,0,0.0,1296.1758917835405,0.25988229443172245
0.5,0.0,shaft_2,shaft_2_ball_bearing_1,ball,1,40.00000000000001,868.9211367799269,-0.08234330874146814
0.5,0.0,shaft_2,shaft_2_ball_bearing_1,ball,2,80.00000000000001,95.08895941643544,-1.0188490262604655
0.5,0.0,shaft_2,shaft_2_ball_bearing_1,ball,3,119.99999999999997,0.0,-2.2241597860335713
0.5,0.0,shaft_2,shaft_2_ball_bearing_1,ball,4,160.00000000000003,0.0,-3.1058575700460542
0.5,0.0,shaft_2,shaft_2_ball_bearing_1,ball,5,-160.00000000000003,0.0,-3.1058575700460547
0.5,0.0,shaft_2,shaft_2_ball_bearing_1,ball,6,-120.00000000000001,0.0,-2.2241597860335736
0.5,0.0,shaft_2,shaft_2_ball_bearing_1,ball,7,-80.00000000000001,95.08895941643544,-1.0188490262604664
0.5,0.0,shaft_2,shaft_2_ball_bearing_1,ball,8,-39.99999999999996,868.9211367799269,-0.08234330874146847
0.5,0.01,shaft_1,shaft_1_ball_bearing_1,ball,0,0.0,1365.2164448582,0.1953772903048316
0.5,0.01,shaft_1,shaft_1_ball_bearing_1,ball,1,40.00000000000001,843.6174239101505,-0.1477591189089538
0.5,0.01,shaft_1,shaft_1_ball_bearing_1,ball,2,80.00000000000001,7.900595439849187,-1.1030041009381797
0.5,0.01,shaft_1,shaft_1_ball_bearing_1,ball,3,119.99999999999997,0.0,-2.3686163713054733
0.5,0.01,shaft_1,shaft_1_ball_bearing_1,ball,4,160.00000000000003,0.0,-3.321238263656735
0.5,0.01,shaft_1,shaft_1_ball_bearing_1,ball,5,-160.00000000000003,0.0,-3.3212382636567352
0.5,0.01,shaft_1,shaft_1_ball_bearing_1,ball,6,-120.00000000000001,0.0,-2.368616371305475
0.5,0.01,shaft_1,shaft_1_ball_bearing_1,ball,7,-80.00000000000001,7.900595439849187,-1.1030041009381801
0.5,0.01,shaft_1,shaft_1_ball_bearing_1,ball,8,-39.99999999999996,843.6174239101505,-0.1477591189089541
0.5,0.01,shaft_2,shaft_2_ball_bearing_1,ball,0,0.0,1365.216444858188,0.19537729030482529
0.5,0.01,shaft_2,shaft_2_ball_bearing_1,ball,1,40.00000000000001,843.6174239101437,-0.14775911890896046
0.5,0.01,shaft_2,shaft_2_ball_bearing_1,ball,2,80.00000000000001,7.90059543984848,-1.103004100938187
0.5,0.01,shaft_2,shaft_2_ball_bearing_1,ball,3,119.99999999999997,0.0,-2.3686163713054804
0.5,0.01,shaft_2,shaft_2_ball_bearing_1,ball,4,160.00000000000003,0.0,-3.3212382636567406
0.5,0.01,shaft_2,shaft_2_ball_bearing_1,ball,5,-160.00000000000003,0.0,-3.321238263656741
0.5,0.01,shaft_2,shaft_2_ball_bearing_1,ball,6,-120.00000000000001,0.0,-2.3686163713054817
0.5,0.01,shaft_2,shaft_2_ball_bearing_1,ball,7,-80.00000000000001,7.90059543984848,-1.1030041009381875
0.5,0.01,shaft_2,shaft_2_ball_bearing_1,ball,8,-39.99999999999996,843.6174239101437,-0.14775911890896076
0.5,0.02,shaft_1,shaft_1_ball_bearing_1,ball,0,0.0,1420.7669878414995,0.18277949843425942
0.5,0.02,shaft_1,shaft_1_ball_bearing_1,ball,1,40.00000000000001,809.1498750969439,-0.16046904729544184
0.5,0.02,shaft_1,shaft_1_ball_bearing_1,ball,2,80.00000000000001,0.0,-1.1322452528602627
0.5,0.02,shaft_1,shaft_1_ball_bearing_1,ball,3,119.99999999999997,0.0,-2.457731590647442
0.5,0.02,shaft_1,shaft_1_ball_bearing_1,ball,4,160.00000000000003,0.0,-3.485114074404298
0.5,0.02,shaft_1,shaft_1_ball_bearing_1,ball,5,-160.00000000000003,0.0,-3.485114074404298
0.5,0.02,shaft_1,shaft_1_ball_bearing_1,ball,6,-120.00000000000001,0.0,-2.457731590647444
0.5,0.02,shaft_1,shaft_1_ball_bearing_1,ball,7,-80.00000000000001,0.0,-1.1322452528602636
0.5,0.02,shaft_1,shaft_1_ball_bearing_1,ball,8,-39.99999999999996,809.1498750969406,-0.1604690472954422
0.5,0.02,shaft_2,shaft_2_ball_bearing_1,ball,0,0.0,1420.7669878414797,0.18277949843402333
0.5,0.02,shaft_2,shaft_2_ball_bearing_1,ball,1,40.00000000000001,809.1498750969307,-0.1604690472956855
0.5,0.02,shaft_2,shaft_2_ball_bearing_1,ball,2,80.00000000000001,0.0,-1.132245252860527
0.5,0.02,shaft_2,shaft_2_ball_bearing_1,ball,3,119.99999999999997,0.0,-2.457731590647733
0.5,0.02,shaft_2,shaft_2_ball_bearing_1,ball,4,160.00000000000003,0.0,-3.485114074404608
0.5,0.02,shaft_2,shaft_2_ball_bearing_1,ball,5,-160.00000000000003,0.0,-3.485114074404608
0.5,0.02,shaft_2,shaft_2_ball_bearing_1,ball,6,-120.00000000000001,0.0,-2.457731590647735
0.5,0.02,shaft_2,shaft_2_ball_bearing_1,ball,7,-80.00000000000001,0.0,-1.132245252860528
0.5,0.02,shaft_2,shaft_2_ball_bearing_1,ball,8,-39.99999999999996,809.1498750969307,-0.16046904729568584
1.0,0.0,shaft_1,shaft_1_ball_bearing_1,ball,0,0.0,1295.8471621356373,0.5245140231940825
1.0,0.0,shaft_1,shaft_1_ball_bearing_1,ball,1,40.00000000000001,868.2982139076007,-0.15985371954177172
1.0,0.0,shaft_1,shaft_1_ball_bearing_1,ball,2,80.00000000000001,98.95960298634351,-2.0319593076649483
1.0,0.0,shaft_1,shaft_1_ball_bearing_1,ball,3,119.99999999999997,0.0,-4.436068727948969
1.0,0.0,shaft_1,shaft_1_ball_bearing_1,ball,4,160.00000000000003,0.0,-6.187561872596369
1.0,0.0,shaft_1,shaft_1_ball_bearing_1,ball,5,-160.00000000000003,0.0,-6.187561872596369
1.0,0.0,shaft_1,shaft_1_ball_bearing_1,ball,6,-120.00000000000001,0.0,-4.436068727948973
1.0,0.0,shaft_1,shaft_1_ball_bearing_1,ball,7,-80.00000000000001,98.95960298634351,-2.0319593076649496
1.0,0.0,shaft_1,shaft_1_ball_bearing_1,ball,8,-39.99999999999996,868.2982139076007,-0.15985371954177238
1.0,0.0,shaft_2,shaft_2_ball_bearing_1,ball,0,0.0,1295.8471621356214,0.5245140231940844
1.0,0.0,shaft_2,shaft_2_ball_bearing_1,ball,1,40.00000000000001,868.2982139075939,-0.1598537195417701
1.0,0.0,shaft_2,shaft_2_ball_bearing_1,ball,2,80.00000000000001,98.95960298634351,-2.031959307664947
1.0,0.0,shaft_2,shaft_2_ball_bearing_1,ball,3,119.99999999999997,0.0,-4.436068727948966
1.0,0.0,shaft_2,shaft_2_ball_bearing_1,ball,4,160.00000000000003,0.0,-6.187561872596362
1.0,0.0,shaft_2,shaft_2_ball_bearing_1,ball,5,-160.00000000000003,0.0,-6.187561872596362
1.0,0.0,shaft_2,shaft_2_ball_bearing_1,ball,6,-120.00000000000001,0.0,-4.436068727948969
1.0,0.0,shaft_2,shaft_2_ball_bearing_1,ball,7,-80.00000000000001,98.95960298634351,-2.0319593076649483
1.0,0.0,shaft_2,shaft_2_ball_bearing_1,ball,8,-39.99999999999996,868.2982139075939,-0.1598537195417708
1.0,0.01,shaft_1,shaft_1_ball_bearing_1,ball,0,0.0,1364.9410827146894,0.39362656673872143
1.0,0.01,shaft_1,shaft_1_ball_bearing_1,ball,1,40.00000000000001,843.3600855815093,-0.2925831359779305
1.0,0.01,shaft_1,shaft_1_ball_bearing_1,ball,2,80.00000000000001,9.940630315917979,-2.2020583222795698
1.0,0.01,shaft_1,shaft_1_ball_bearing_1,ball,3,119.99999999999997,0.0,-4.725673219395418
1.0,0.01,shaft_1,shaft_1_ball_bearing_1,ball,4,160.00000000000003,0.0,-6.616477628574345
1.0,0.01,shaft_1,shaft_1_ball_bearing_1,ball,5,-160.00000000000003,0.0,-6.616477628574346
1.0,0.01,shaft_1,shaft_1_ball_bearing_1,ball,6,-120.00000000000001,0.0,-4.7256732193954205
1.0,0.01,shaft_1,shaft_1_ball_bearing_1,ball,7,-80.00000000000001,9.940630315917979,-2.2020583222795715
1.0,0.01,shaft_1,shaft_1_ball_bearing_1,ball,8,-39.99999999999996,843.3600855815093,-0.2925831359779312
1.0,0.01,shaft_2,shaft_2_ball_bearing_1,ball,0,0.0,1364.9410827146735,0.39362656673871144
1.0,0.01,shaft_2,shaft_2_ball_bearing_1,ball,1,40.00000000000001,843.3600855815027,-0.29258313597794117
1.0,0.01,shaft_2,shaft_2_ball_bearing_1,ball,2,80.00000000000001,9.940630315917979,-2.202058322279581
1.0,0.01,shaft_2,shaft_2_ball_bearing_1,ball,3,119.99999999999997,0.0,-4.7256732193954285
1.0,0.01,shaft_2,shaft_2_ball_bearing_1,ball,4,160.00000000000003,0.0,-6.616477628574353
1.0,0.01,shaft_2,shaft_2_ball_bearing_1,ball,5,-160.00000000000003,0.0,-6.616477628574354
1.0,0.01,shaft_2,shaft_2_ball_bearing_1,ball,6,-120.00000000000001,0.0,-4.72567321939543
1.0,0.01,shaft_2,shaft_2_ball_bearing_1,ball,7,-80.00000000000001,9.940630315917215,-2.202058322279583
1.0,0.01,shaft_2,shaft_2_ball_bearing_1,ball,8,-39.99999999999996,843.3600855815027,-0.29258313597794183
1.0,0.02,shaft_1,shaft_1_ball_bearing_1,ball,0,0.0,1420.789390411382,0.3655598047634523
1.0,0.02,shaft_1,shaft_1_ball_bearing_1,ball,1,40.00000000000001,809.1589310303928,-0.320939809487084
1.0,0.02,shaft_1,shaft_1_ball_bearing_1,ball,2,80.00000000000001,0.0,-2.263613574191736
1.0,0.02,shaft_1,shaft_1_ball_bearing_1,ball,3,119.99999999999997,0.0,-4.906408842139035
1.0,0.02,shaft_1,shaft_1_ball_bearing_1,ball,4,160.00000000000003,0.0,-6.944505661626366
1.0,0.02,shaft_1,shaft_1_ball_bearing_1,ball,5,-160.00000000000003,0.0,-6.944505661626366
1.0,0.02,shaft_1,shaft_1_ball_bearing_1,ball,6,-120.00000000000001,0.0,-4.906408842139037
1.0,0.02,shaft_1,shaft_1_ball_bearing_1,ball,7,-80.00000000000001,0.0,-2.2636135741917376
1.0,0.02,shaft_1,shaft_1_ball_bearing_1,ball,8,-39.99999999999996,809.1589310303928,-0.32093980948708467
1.0,0.02,shaft_2,shaft_2_ball_bearing_1,ball,0,0.0,1420.78939041137,0.3655598047634217
1.0,0.02,shaft_2,shaft_2_ball_bearing_1,ball,1,40.00000000000001,809.158931030386,-0.32093980948711587
1.0,0.02,shaft_2,shaft_2_ball_bearing_1,ball,2,80.00000000000001,0.0,-2.2636135741917705
1.0,0.02,shaft_2,shaft_2_ball_bearing_1,ball,3,119.99999999999997,0.0,-4.90640884213907
1.0,0.02,shaft_2,shaft_2_ball_bearing_1,ball,4,160.00000000000003,0.0,-6.944505661626401
1.0,0.02,shaft_2,shaft_2_ball_bearing_1,ball,5,-160.00000000000003,0.0,-6.944505661626401
1.0,0.02,shaft_2,shaft_2_ball_bearing_1,ball,6,-120.00000000000001,0.0,-4.906408842139072
1.0,0.02,shaft_2,shaft_2_ball_bearing_1,ball,7,-80.00000000000001,0.0,-2.263613574191772
1.0,0.02,shaft_2,shaft_2_ball_bearing_1,ball,8,-39.99999999999996,809.1589310303827,-0.32093980948711665
1.5,0.0,shaft_1,shaft_1_ball_bearing_1,ball,0,0.0,1295.3363955753027,0.7985887329086615
1.5,0.0,shaft_1,shaft_1_ball_bearing_1,ball,1,40.00000000000001,867.2347621994551,-0.22775468843461455
1.5,0.0,shaft_1,shaft_1_ball_bearing_1,ball,2,80.00000000000001,105.42846143549512,-3.0336868742359075
1.5,0.0,shaft_1,shaft_1_ball_bearing_1,ball,3,119.99999999999997,0.0,-6.623822439393688
1.5,0.0,shaft_1,shaft_1_ball_bearing_1,ball,4,160.00000000000003,0.0,-9.221991005301087
1.5,0.0,shaft_1,shaft_1_ball_bearing_1,ball,5,-160.00000000000003,0.0,-9.221991005301087
1.5,0.0,shaft_1,shaft_1_ball_bearing_1,ball,6,-120.00000000000001,0.0,-6.623822439393692
1.5,0.0,shaft_1,shaft_1_ball_bearing_1,ball,7,-80.00000000000001,105.42846143549512,-3.0336868742359093
1.5,0.0,shaft_1,shaft_1_ball_bearing_1,ball,8,-39.99999999999996,867.2347621994551,-0.22775468843461524
1.5,0.0,shaft_2,shaft_2_ball_bearing_1,ball,0,0.0,1295.3363955753337,0.7985887329088882
1.5,0.0,shaft_2,shaft_2_ball_bearing_1,ball,1,40.00000000000001,867.234762199472,-0.22775468843438143
1.5,0.0,shaft_2,shaft_2_ball_bearing_1,ball,2,80.00000000000001,105.4284614354968,-3.0336868742356606
1.5,0.0,shaft_2,shaft_2_ball_bearing_1,ball,3,119.99999999999997,0.0,-6.623822439393433
1.5,0.0,shaft_2,shaft_2_ball_bearing_1,ball,4,160.00000000000003,0.0,-9.221991005300834
1.5,0.0,shaft_2,shaft_2_ball_bearing_1,ball,5,-160.00000000000003,0.0,-9.221991005300834
1.5,0.0,shaft_2,shaft_2_ball_bearing_1,ball,6,-120.00000000000001,0.0,-6.623822439393437
1.5,0.0,shaft_2,shaft_2_ball_bearing_1,ball,7,-80.00000000000001,105.4284614354968,-3.0336868742356624
1.5,0.0,shaft_2,shaft_2_ball_bearing_1,ball,8,-39.99999999999996,867.234762199472,-0.22775468843438212
1.5,0.01,shaft_1,shaft_1_ball_bearing_1,ball,0,0.0,1364.459675753669,0.5981977390534581
1.5,0.01,shaft_1,shaft_1_ball_bearing_1,ball,1,40.00000000000001,842.8814139629453,-0.4309457750642154
1.5,0.01,shaft_1,shaft_1_ball_bearing_1,ball,2,80.00000000000001,13.63258354795709,-3.2926087173012384
1.5,0.01,shaft_1,shaft_1_ball_bearing_1,ball,3,119.99999999999997,0.0,-7.059203202198359
1.5,0.01,shaft_1,shaft_1_ball_bearing_1,ball,4,160.00000000000003,0.0,-9.860107932742832
1.5,0.01,shaft_1,shaft_1_ball_bearing_1,ball,5,-160.00000000000003,0.0,-9.860107932742833
1.5,0.01,shaft_1,shaft_1_ball_bearing_1,ball,6,-120.00000000000001,0.0,-7.059203202198364
1.5,0.01,shaft_1,shaft_1_ball_bearing_1,ball,7,-80.00000000000001,13.63258354795709,-3.2926087173012406
1.5,0.01,shaft_1,shaft_1_ball_bearing_1,ball,8,-39.99999999999996,842.8814139629453,-0.4309457750642167
1.5,0.01,shaft_2,shaft_2_ball_bearing_1,ball,0,0.0,1364.459675753472,0.5981977390497456
1.5,0.01,shaft_2,shaft_2_ball_bearing_1,ball,1,40.00000000000001,842.8814139628346,-0.4309457750680337
1.5,0.01,shaft_2,shaft_2_ball_bearing_1,ball,2,80.00000000000001,13.632583547968121,-3.2926087173053182
1.5,0.01,shaft_2,shaft_2_ball_bearing_1,ball,3,119.99999999999997,0.0,-7.059203202202707
1.5,0.01,shaft_2,shaft_2_ball_bearing_1,ball,4,160.00000000000003,0.0,-9.860107932747317
1.5,0.01,shaft_2,shaft_2_ball_bearing_1,ball,5,-160.00000000000003,0.0,-9.860107932747317
1.5,0.01,shaft_2,shaft_2_ball_bearing_1,ball,6,-120.00000000000001,0.0,-7.059203202202709
1.5,0.01,shaft_2,shaft_2_ball_bearing_1,ball,7,-80.00000000000001,13.632583547968121,-3.29260871730532
1.5,0.01,shaft_2,shaft_2_ball_bearing_1,ball,8,-39.99999999999996,842.8814139628346,-0.430945775068035
1.5,0.02,shaft_1,shaft_1_ball_bearing_1,ball,0,0.0,1420.8267224914132,0.5483415857160941
1.5,0.02,shaft_1,shaft_1_ball_bearing_1,ball,1,40.00000000000001,809.1740272434167,-0.48141414725791704
1.5,0.02,shaft_1,shaft_1_ball_bearing_1,ball,2,80.00000000000001,0.0,-3.393232268902202
1.5,0.02,shaft_1,shaft_1_ball_bearing_1,ball,3,119.99999999999997,0.0,-7.337175827806246
1.5,0.02,shaft_1,shaft_1_ball_bearing_1,ball,4,160.00000000000003,0.0,-10.353571880481876
1.5,0.02,shaft_1,shaft_1_ball_bearing_1,ball,5,-160.00000000000003,0.0,-10.353571880481878
1.5,0.02,shaft_1,shaft_1_ball_bearing_1,ball,6,-120.00000000000001,0.0,-7.33717582780625
1.5,0.02,shaft_1,shaft_1_ball_bearing_1,ball,7,-80.00000000000001,0.0,-3.3932322689022048
1.5,0.02,shaft_1,shaft_1_ball_bearing_1,ball,8,-39.99999999999996,809.1740272434167,-0.4814141472579184
1.5,0.02,shaft_2,shaft_2_ball_bearing_1,ball,0,0.0,1420.8267224913973,0.5483415857160971
1.5,0.02,shaft_2,shaft_2_ball_bearing_1,ball,1,40.00000000000001,809.1740272434068,-0.48141414725791465
1.5,0.02,shaft_2,shaft_2_ball_bearing_1,ball,2,80.00000000000001,0.0,-3.3932322689021994
1.5,0.02,shaft_2,shaft_2_ball_bearing_1,ball,3,119.99999999999997,0.0,-7.33717582780624
1.5,0.02,shaft_2,shaft_2_ball_bearing_1,ball,4,160.00000000000003,0.0,-10.353571880481866
1.5,0.02,shaft_2,shaft_2_ball_bearing_1,ball,5,-160.00000000000003,0.0,-10.353571880481866
1.5,0.02,shaft_2,shaft_2_ball_bearing_1,ball,6,-120.00000000000001,0.0,-7.337175827806244
1.5,0.02,shaft_2,shaft_2_ball_bearing_1,ball,7,-80.00000000000001,0.0,-3.393232268902201
1.5,0.02,shaft_2,shaft_2_ball_bearing_1,ball,8,-39.99999999999996,809.1740272434068,-0.48141414725791604
2.0,0.0,shaft_1,shaft_1_ball_bearing_1,ball,0,0.0,1294.7003067582805,1.0866576267626216
2.0,0.0,shaft_1,shaft_1_ball_bearing_1,ball,1,40.00000000000001,865.6953785233989,-0.2814133577919527
2.0,0.0,shaft_1,shaft_1_ball_bearing_1,ball,2,80.00000000000001,114.50874991685053,-4.018607711052972
2.0,0.0,shaft_1,shaft_1_ball_bearing_1,ball,3,119.99999999999997,0.0,-8.776221768149782
2.0,0.0,shaft_1,shaft_1_ball_bearing_1,ball,4,160.00000000000003,0.0,-12.18801577290374
2.0,0.0,shaft_1,shaft_1_ball_bearing_1,ball,5,-160.00000000000003,0.0,-12.18801577290374
2.0,0.0,shaft_1,shaft_1_ball_bearing_1,ball,6,-120.00000000000001,0.0,-8.776221768149787
2.0,0.0,shaft_1,shaft_1_ball_bearing_1,ball,7,-80.00000000000001,114.50874991685053,-4.018607711052975
2.0,0.0,shaft_1,shaft_1_ball_bearing_1,ball,8,-39.99999999999996,865.6953785233989,-0.28141335779195403
2.0,0.0,shaft_2,shaft_2_ball_bearing_1,ball,0,0.0,1294.7003067582689,1.0866576267626258
2.0,0.0,shaft_2,shaft_2_ball_bearing_1,ball,1,40.00000000000001,865.6953785233922,-0.28141335779194887
2.0,0.0,shaft_2,shaft_2_ball_bearing_1,ball,2,80.00000000000001,114.50874991685053,-4.018607711052968
2.0,0.0,shaft_2,shaft_2_ball_bearing_1,ball,3,119.99999999999997,0.0,-8.776221768149775
2.0,0.0,shaft_2,shaft_2_ball_bearing_1,ball,4,160.00000000000003,0.0,-12.188015772903727
2.0,0.0,shaft_2,shaft_2_ball_bearing_1,ball,5,-160.00000000000003,0.0,-12.188015772903729
2.0,0.0,shaft_2,shaft_2_ball_bearing_1,ball,6,-120.00000000000001,0.0,-8.776221768149778
2.0,0.0,shaft_2,shaft_2_ball_bearing_1,ball,7,-80.00000000000001,114.5087499168488,-4.018607711052971
2.0,0.0,shaft_2,shaft_2_ball_bearing_1,ball,8,-39.99999999999996,865.6953785233887,-0.28141335779195026
2.0,0.01,shaft_1,shaft_1_ball_bearing_1,ball,0,0.0,1363.7606017645446,0.8133771590401528
2.0,0.01,shaft_1,shaft_1_ball_bearing_1,ball,1,40.00000000000001,842.1134210910537,-0.5584651844039361
2.0,0.01,shaft_1,shaft_1_ball_bearing_1,ball,2,80.00000000000001,19.318648518828507,-4.369249886011095
2.0,0.01,shaft_1,shaft_1_ball_bearing_1,ball,3,119.99999999999997,0.0,-9.356828775564727
2.0,0.01,shaft_1,shaft_1_ball_bearing_1,ball,4,160.00000000000003,0.0,-13.027669207339557
2.0,0.01,shaft_1,shaft_1_ball_bearing_1,ball,5,-160.00000000000003,0.0,-13.027669207339558
2.0,0.01,shaft_1,shaft_1_ball_bearing_1,ball,6,-120.00000000000001,0.0,-9.356828775564733
2.0,0.01,shaft_1,shaft_1_ball_bearing_1,ball,7,-80.00000000000001,19.318648518828507,-4.369249886011098
2.0,0.01,shaft_1,shaft_1_ball_bearing_1,ball,8,-39.99999999999996,842.1134210910537,-0.5584651844039374
2.0,0.01,shaft_2,shaft_2_ball_bearing_1,ball,0,0.0,1363.7606017652733,0.8133771590577177
2.0,0.01,shaft_2,shaft_2_ball_bearing_1,ball,1,40.00000000000001,842.1134210914091,-0.5584651843858709
2.0,0.01,shaft_2,shaft_2_ball_bearing_1,ball,2,80.00000000000001,19.3186485187313,-4.369249885991842
2.0,0.01,shaft_2,shaft_2_ball_bearing_1,ball,3,119.99999999999997,0.0,-9.356828775544395
2.0,0.01,shaft_2,shaft_2_ball_bearing_1,ball,4,160.00000000000003,0.0,-13.027669207318791
2.0,0.01,shaft_2,shaft_2_ball_bearing_1,ball,5,-160.00000000000003,0.0,-13.027669207318793
2.0,0.01,shaft_2,shaft_2_ball_bearing_1,ball,6,-120.00000000000001,0.0,-9.356828775544399
2.0,0.01,shaft_2,shaft_2_ball_bearing_1,ball,7,-80.00000000000001,19.3186485187313,-4.369249885991844
2.0,0.01,shaft_2,shaft_2_ball_bearing_1,ball,8,-39.99999999999996,842.1134210914091,-0.5584651843858723
2.0,0.02,shaft_1,shaft_1_ball_bearing_1,ball,0,0.0,1420.878981027258,0.7311256756540438
2.0,0.02,shaft_1,shaft_1_ball_bearing_1,ball,1,40.00000000000001,809.1951710216779,-0.6418937487329732
2.0,0.02,shaft_1,shaft_1_ball_bearing_1,ball,2,80.00000000000001,0.0,-4.520236564458545
2.0,0.02,shaft_1,shaft_1_ball_bearing_1,ball,3,119.99999999999997,0.0,-9.741562166014202
2.0,0.02,shaft_1,shaft_1_ball_bearing_1,ball,4,160.00000000000003,0.0,-13.689829410945134
2.0,0.02,shaft_1,shaft_1_ball_bearing_1,ball,5,-160.00000000000003,0.0,-13.689829410945135
2.0,0.02,shaft_1,shaft_1_ball_bearing_1,ball,6,-120.00000000000001,0.0,-9.741562166014207
2.0,0.02,shaft_1,shaft_1_ball_bearing_1,ball,7,-80.00000000000001,0.0,-4.52023656445855
2.0,0.02,shaft_1,shaft_1_ball_bearing_1,ball,8,-39.99999999999996,809.1951710216779,-0.6418937487329744
2.0,0.02,shaft_2,shaft_2_ball_bearing_1,ball,0,0.0,1420.8789810272463,0.7311256756540494
2.0,0.02,shaft_2,shaft_2_ball_bearing_1,ball,1,40.00000000000001,809.1951710216712,-0.6418937487329681
2.0,0.02,shaft_2,shaft_2_ball_bearing_1,ball,2,80.00000000000001,0.0,-4.520236564458541
2.0,0.02,shaft_2,shaft_2_ball_bearing_1,ball,3,119.99999999999997,0.0,-9.741562166014193
2.0,0.02,shaft_2,shaft_2_ball_bearing_1,ball,4,160.00000000000003,0.0,-13.68982941094512
2.0,0.02,shaft_2,shaft_2_ball_bearing_1,ball,5,-160.00000000000003,0.0,-13.689829410945121
2.0,0.02,shaft_2,shaft_2_ball_bearing_1,ball,6,-120.00000000000001,0.0,-9.7415621660142
2.0,0.02,shaft_2,shaft_2_ball_bearing_1,ball,7,-80.00000000000001,0.0,-4.520236564458544
2.0,0.02,shaft_2,shaft_2_ball_bearing_1,ball,8,-39.99999999999996,809.1951710216712,-0.6418937487329694
3.0,0.0,shaft_1,shaft_1_ball_bearing_1,ball,0,0.0,1293.3957345136187,1.7214547193123648
3.0,0.0,shaft_1,shaft_1_ball_bearing_1,ball,1,40.00000000000001,861.0035961077552,-0.3290159875123747
3.0,0.0,shaft_1,shaft_1_ball_bearing_1,ball,2,80.00000000000001,140.45684932179637,-5.918463727104471
3.0,0.0,shaft_1,shaft_1_ball_bearing_1,ball,3,119.99999999999997,0.0,-12.93583937568419
3.0,0.0,shaft_1,shaft_1_ball_bearing_1,ball,4,160.00000000000003,0.0,-17.84496296765881
3.0,0.0,shaft_1,shaft_1_ball_bearing_1,ball,5,-160.00000000000003,0.0,-17.84496296765881
3.0,0.0,shaft_1,shaft_1_ball_bearing_1,ball,6,-120.00000000000001,0.0,-12.935839375684196
3.0,0.0,shaft_1,shaft_1_ball_bearing_1,ball,7,-80.00000000000001,140.45684932179637,-5.918463727104474
3.0,0.0,shaft_1,shaft_1_ball_bearing_1,ball,8,-39.99999999999996,861.0035961077552,-0.3290159875123774
3.0,0.0,shaft_2,shaft_2_ball_bearing_1,ball,0,0.0,1293.395734513607,1.721454719312367
3.0,0.0,shaft_2,shaft_2_ball_bearing_1,ball,1,40.00000000000001,861.0035961077486,-0.32901598751237354
3.0,0.0,shaft_2,shaft_2_ball_bearing_1,ball,2,80.00000000000001,140.45684932179637,-5.918463727104469
3.0,0.0,shaft_2,shaft_2_ball_bearing_1,ball,3,119.99999999999997,0.0,-12.935839375684182
3.0,0.0,shaft_2,shaft_2_ball_bearing_1,ball,4,160.00000000000003,0.0,-17.844962967658795
3.0,0.0,shaft_2,shaft_2_ball_bearing_1,ball,5,-160.00000000000003,0.0,-17.844962967658798
3.0,0.0,shaft_2,shaft_2_ball_bearing_1,ball,6,-120.00000000000001,0.0,-12.935839375684191
3.0,0.0,shaft_2,shaft_2_ball_bearing_1,ball,7,-80.00000000000001,140.45684932179452,-5.918463727104474
3.0,0.0,shaft_2,shaft_2_ball_bearing_1,ball,8,-39.99999999999996,861.0035961077486,-0.32901598751237615
3.0,0.01,shaft_1,shaft_1_ball_bearing_1,ball,0,0.0,1361.8181960872478,1.2961406411156366
3.0,0.01,shaft_1,shaft_1_ball_bearing_1,ball,1,40.00000000000001,839.3660653085389,-0.7599309242750846
3.0,0.01,shaft_1,shaft_1_ball_bearing_1,ball,2,80.00000000000001,37.97331837501284,-6.4559959795745385
3.0,0.01,shaft_1,shaft_1_ball_bearing_1,ball,3,119.99999999999997,0.0,-13.795561697394028
3.0,0.01,shaft_1,shaft_1_ball_bearing_1,ball,4,160.00000000000003,0.0,-19.048919062850622
3.0,0.01,shaft_1,shaft_1_ball_bearing_1,ball,5,-160.00000000000003,0.0,-19.048919062850622
3.0,0.01,shaft_1,shaft_1_ball_bearing_1,ball,6,-120.00000000000001,0.0,-13.795561697394037
3.0,0.01,shaft_1,shaft_1_ball_bearing_1,ball,7,-80.00000000000001,37.97331837501403,-6.455995979574543
3.0,0.01,shaft_1,shaft_1_ball_bearing_1,ball,8,-39.99999999999996,839.3660653085389,-0.7599309242750871
3.0,0.01,shaft_2,shaft_2_ball_bearing_1,ball,0,0.0,1361.81819608724,1.2961406411156318
3.0,0.01,shaft_2,shaft_2_ball_bearing_1,ball,1,40.00000000000001,839.3660653085357,-0.7599309242750899
3.0,0.01,shaft_2,shaft_2_ball_bearing_1,ball,2,80.00000000000001,37.97331837501403,-6.455995979574545
3.0,0.01,shaft_2,shaft_2_ball_bearing_1,ball,3,119.99999999999997,0.0,-13.795561697394032
3.0,0.01,shaft_2,shaft_2_ball_bearing_1,ball,4,160.00000000000003,0.0,-19.04891906285062
3.0,0.01,shaft_2,shaft_2_ball_bearing_1,ball,5,-160.00000000000003,0.0,-19.048919062850622
3.0,0.01,shaft_2,shaft_2_ball_bearing_1,ball,6,-120.00000000000001,0.0,-13.79556169739404
3.0,0.01,shaft_2,shaft_2_ball_bearing_1,ball,7,-80.00000000000001,37.97331837501164,-6.45599597957455
3.0,0.01,shaft_2,shaft_2_ball_bearing_1,ball,8,-39.99999999999996,839.3660653085323,-0.7599309242750927
3.0,0.02,shaft_1,shaft_1_ball_bearing_1,ball,0,0.0,1421.0282547995312,1.0967040919492066
3.0,0.02,shaft_1,shaft_1_ball_bearing_1,ball,1,40.00000000000001,809.2556405780027,-0.9628755266043318
3.0,0.02,shaft_1,shaft_1_ball_bearing_1,ball,2,80.00000000000001,0.0,-6.763006941188803
3.0,0.02,shaft_1,shaft_1_ball_bearing_1,ball,3,119.99999999999997,0.0,-14.440214858223463
3.0,0.02,shaft_1,shaft_1_ball_bearing_1,ball,4,160.00000000000003,0.0,-20.069023081262813
3.0,0.02,shaft_1,shaft_1_ball_bearing_1,ball,5,-160.00000000000003,0.0,-20.069023081262817
3.0,0.02,shaft_1,shaft_1_ball_bearing_1,ball,6,-120.00000000000001,0.0,-14.44021485822347
3.0,0.02,shaft_1,shaft_1_ball_bearing_1,ball,7,-80.00000000000001,0.0,-6.763006941188808
3.0,0.02,shaft_1,shaft_1_ball_bearing_1,ball,8,-39.99999999999996,809.2556405780027,-0.9628755266043331
3.0,0.02,shaft_2,shaft_2_ball_bearing_1,ball,0,0.0,1421.0282547995112,1.0967040919488453
3.0,0.02,shaft_2,shaft_2_ball_bearing_1,ball,1,40.00000000000001,809.2556405779894,-0.9628755266047058
3.0,0.02,shaft_2,shaft_2_ball_bearing_1,ball,2,80.00000000000001,0.0,-6.763006941189204
3.0,0.02,shaft_2,shaft_2_ball_bearing_1,ball,3,119.99999999999997,0.0,-14.440214858223877
3.0,0.02,shaft_2,shaft_2_ball_bearing_1,ball,4,160.00000000000003,0.0,-20.069023081263218
3.0,0.02,shaft_2,shaft_2_ball_bearing_1,ball,5,-160.00000000000003,0.0,-20.069023081263218
3.0,0.02,shaft_2,shaft_2_ball_bearing_1,ball,6,-120.00000000000001,0.0,-14.440214858223884
3.0,0.02,shaft_2,shaft_2_ball_bearing_1,ball,7,-80.00000000000001,0.0,-6.763006941189208
3.0,0.02,shaft_2,shaft_2_ball_bearing_1,ball,8,-39.99999999999996,809.2556405779894,-0.962875526604707
4.0,0.0,shaft_1,shaft_1_ball_bearing_1,ball,0,0.0,1292.822539842682,2.4569410589444027
4.0,0.0,shaft_1,shaft_1_ball_bearing_1,ball,1,40.00000000000001,853.8215234358676,-0.2740570722544385
4.0,0.0,shaft_1,shaft_1_ball_bearing_1,ball,2,80.00000000000001,176.35370547469688,-7.699273666159272
4.0,0.0,shaft_1,shaft_1_ball_bearing_1,ball,3,119.99999999999997,0.0,-16.85213655562784
4.0,0.0,shaft_1,shaft_1_ball_bearing_1,ball,4,160.00000000000003,0.0,-23.054152103153115
4.0,0.0,shaft_1,shaft_1_ball_bearing_1,ball,5,-160.00000000000003,0.0,-23.054152103153115
4.0,0.0,shaft_1,shaft_1_ball_bearing_1,ball,6,-120.00000000000001,0.0,-16.852136555627848
4.0,0.0,shaft_1,shaft_1_ball_bearing_1,ball,7,-80.00000000000001,176.35370547469887,-7.699273666159276
4.0,0.0,shaft_1,shaft_1_ball_bearing_1,ball,8,-39.99999999999996,853.8215234358676,-0.27405707225444115
4.0,0.0,shaft_2,shaft_2_ball_bearing_1,ball,0,0.0,1292.8225398426666,2.4569410589444205
4.0,0.0,shaft_2,shaft_2_ball_bearing_1,ball,1,40.00000000000001,853.821523435854,-0.2740570722544228
4.0,0.0,shaft_2,shaft_2_ball_bearing_1,ball,2,80.00000000000001,176.3537054746949,-7.699273666159256
4.0,0.0,shaft_2,shaft_2_ball_bearing_1,ball,3,119.99999999999997,0.0,-16.852136555627816
4.0,0.0,shaft_2,shaft_2_ball_bearing_1,ball,4,160.00000000000003,0.0,-23.054152103153083
4.0,0.0,shaft_2,shaft_2_ball_bearing_1,ball,5,-160.00000000000003,0.0,-23.054152103153083
4.0,0.0,shaft_2,shaft_2_ball_bearing_1,ball,6,-120.00000000000001,0.0,-16.852136555627826
4.0,0.0,shaft_2,shaft_2_ball_bearing_1,ball,7,-80.00000000000001,176.3537054746949,-7.699273666159262
4.0,0.0,shaft_2,shaft_2_ball_bearing_1,ball,8,-39.99999999999996,853.821523435854,-0.2740570722544255
4.0,0.01,shaft_1,shaft_1_ball_bearing_1,ball,0,0.0,1359.7403665010052,1.8832433994116564
4.0,0.01,shaft_1,shaft_1_ball_bearing_1,ball,1,40.00000000000001,834.380924062863,-0.8547057182682419
4.0,0.01,shaft_1,shaft_1_ball_bearing_1,ball,2,80.00000000000001,67.63040418247812,-8.414121061980715
4.0,0.01,shaft_1,shaft_1_ball_bearing_1,ball,3,119.99999999999997,0.0,-17.95673081714155
4.0,0.01,shaft_1,shaft_1_ball_bearing_1,ball,4,160.00000000000003,0.0,-24.54824846481615
4.0,0.01,shaft_1,shaft_1_ball_bearing_1,ball,5,-160.00000000000003,0.0,-24.548248464816155
4.0,0.01,shaft_1,shaft_1_ball_bearing_1,ball,6,-120.00000000000001,0.0,-17.956730817141562
4.0,0.01,shaft_1,shaft_1_ball_bearing_1,ball,7,-80.00000000000001,67.63040418247667,-8.414121061980723
4.0,0.01,shaft_1,shaft_1_ball_bearing_1,ball,8,-39.99999999999996,834.380924062863,-0.8547057182682446
4.0,0.01,shaft_2,shaft_2_ball_bearing_1,ball,0,0.0,1359.7403665009697,1.8832433994110696
4.0,0.01,shaft_2,shaft_2_ball_bearing_1,ball,1,40.00000000000001,834.3809240628495,-0.8547057182688481
4.0,0.01,shaft_2,shaft_2_ball_bearing_1,ball,2,80.00000000000001,67.63040418248825,-8.414121061981353
4.0,0.01,shaft_2,shaft_2_ball_bearing_1,ball,3,119.99999999999997,0.0,-17.95673081714218
4.0,0.01,shaft_2,shaft_2_ball_bearing_1,ball,4,160.00000000000003,0.0,-24.54824846481674
4.0,0.01,shaft_2,shaft_2_ball_bearing_1,ball,5,-160.00000000000003,0.0,-24.54824846481674
4.0,0.01,shaft_2,shaft_2_ball_bearing_1,ball,6,-120.00000000000001,0.0,-17.956730817142187
4.0,0.01,shaft_2,shaft_2_ball_bearing_1,ball,7,-80.00000000000001,67.63040418248825,-8.414121061981358
4.0,0.01,shaft_2,shaft_2_ball_bearing_1,ball,8,-39.99999999999996,834.3809240628495,-0.8547057182688507
4.0,0.02,shaft_1,shaft_1_ball_bearing_1,ball,0,0.0,1421.0752385491803,1.4704700873414327
4.0,0.02,shaft_1,shaft_1_ball_bearing_1,ball,1,40.00000000000001,809.1274218820031,-1.2755049376697631
4.0,0.02,shaft_1,shaft_1_ball_bearing_1,ball,2,80.00000000000001,1.4260827266779812,-8.976435389648802
4.0,0.02,shaft_1,shaft_1_ball_bearing_1,ball,3,119.99999999999997,0.0,-18.938783515887035
4.0,0.02,shaft_1,shaft_1_ball_bearing_1,ball,4,160.00000000000003,0.0,-25.958511809713983
4.0,0.02,shaft_1,shaft_1_ball_bearing_1,ball,5,-160.00000000000003,0.0,-25.958511809713983
4.0,0.02,shaft_1,shaft_1_ball_bearing_1,ball,6,-120.00000000000001,0.0,-18.938783515887042
4.0,0.02,shaft_1,shaft_1_ball_bearing_1,ball,7,-80.00000000000001,1.4260827266779812,-8.97643538964881
4.0,0.02,shaft_1,shaft_1_ball_bearing_1,ball,8,-39.99999999999996,809.1274218820031,-1.2755049376697658
4.0,0.02,shaft_2,shaft_2_ball_bearing_1,ball,0,0.0,1421.0752385491724,1.4704700873416234
4.0,0.02,shaft_2,shaft_2_ball_bearing_1,ball,1,40.00000000000001,809.1274218819898,-1.275504937669568
4.0,0.02,shaft_2,shaft_2_ball_bearing_1,ball,2,80.00000000000001,1.4260827266767817,-8.976435389648596
4.0,0.02,shaft_2,shaft_2_ball_bearing_1,ball,3,119.99999999999997,0.0,-18.938783515886822
4.0,0.02,shaft_2,shaft_2_ball_bearing_1,ball,4,160.00000000000003,0.0,-25.95851180971376
4.0,0.02,shaft_2,shaft_2_ball_bearing_1,ball,5,-160.00000000000003,0.0,-25.95851180971376
4.0,0.02,shaft_2,shaft_2_ball_bearing_1,ball,6,-120.00000000000001,0.0,-18.938783515886826
4.0,0.02,shaft_2,shaft_2_ball_bearing_1,ball,7,-80.00000000000001,1.426082726676382,-8.976435389648604
4.0,0.02,shaft_2,shaft_2_ball_bearing_1,ball,8,-39.99999999999996,809.1274218819898,-1.2755049376695708
5.0,0.0,shaft_1,shaft_1_ball_bearing_1,ball,0,0.0,1382.299263273174,4.366600561374788
5.0,0.0,shaft_1,shaft_1_ball_bearing_1,ball,1,40.00000000000001,887.0497780936662,0.9950702321085514
5.0,0.0,shaft_1,shaft_1_ball_bearing_1,ball,2,80.00000000000001,193.50115869432852,-8.20640657837544
5.0,0.0,shaft_1,shaft_1_ball_bearing_1,ball,3,119.99999999999997,23.981574274233136,-19.42434985886093
5.0,0.0,shaft_1,shaft_1_ball_bearing_1,ball,4,160.00000000000003,71.88765708063526,-26.817224512817532
5.0,0.0,shaft_1,shaft_1_ball_bearing_1,ball,5,-160.00000000000003,71.88765708063526,-26.817224512817532
5.0,0.0,shaft_1,shaft_1_ball_bearing_1,ball,6,-120.00000000000001,23.98157427423416,-19.42434985886094
5.0,0.0,shaft_1,shaft_1_ball_bearing_1,ball,7,-80.00000000000001,193.50115869432852,-8.206406578375447
5.0,0.0,shaft_1,shaft_1_ball_bearing_1,ball,8,-39.99999999999996,887.0497780936662,0.9950702321085474
5.0,0.0,shaft_2,shaft_2_ball_bearing_1,ball,0,0.0,1382.299263273162,4.366600561374818
5.0,0.0,shaft_2,shaft_2_ball_bearing_1,ball,1,40.00000000000001,887.0497780936594,0.9950702321085808
5.0,0.0,shaft_2,shaft_2_ball_bearing_1,ball,2,80.00000000000001,193.50115869432852,-8.20640657837541
5.0,0.0,shaft_2,shaft_2_ball_bearing_1,ball,3,119.99999999999997,23.981574274233136,-19.4243498588609
5.0,0.0,shaft_2,shaft_2_ball_bearing_1,ball,4,160.00000000000003,71.88765708063673,-26.817224512817486
5.0,0.0,shaft_2,shaft_2_ball_bearing_1,ball,5,-160.00000000000003,71.88765708063526,-26.817224512817493
5.0,0.0,shaft_2,shaft_2_ball_bearing_1,ball,6,-120.00000000000001,23.98157427423416,-19.42434985886091
5.0,0.0,shaft_2,shaft_2_ball_bearing_1,ball,7,-80.00000000000001,193.50115869432648,-8.206406578375418
5.0,0.0,shaft_2,shaft_2_ball_bearing_1,ball,8,-39.99999999999996,887.0497780936594,0.9950702321085768
5.0,0.01,shaft_1,shaft_1_ball_bearing_1,ball,0,0.0,1358.719177773367,2.6056471193676454
5.0,0.01,shaft_1,shaft_1_ball_bearing_1,ball,1,40.00000000000001,826.4926764649052,-0.8110483850626088
5.0,0.01,shaft_1,shaft_1_ball_bearing_1,ball,2,80.00000000000001,108.24151380478914,-10.209548218496476
5.0,0.01,shaft_1,shaft_1_ball_bearing_1,ball,3,119.99999999999997,0.0,-21.788443655637153
5.0,0.01,shaft_1,shaft_1_ball_bearing_1,ball,4,160.00000000000003,0.0,-29.466785733213808
5.0,0.01,shaft_1,shaft_1_ball_bearing_1,ball,5,-160.00000000000003,0.0,-29.466785733213808
5.0,0.01,shaft_1,shaft_1_ball_bearing_1,ball,6,-120.00000000000001,0.0,-21.788443655637163
5.0,0.01,shaft_1,shaft_1_ball_bearing_1,ball,7,-80.00000000000001,108.24151380478744,-10.209548218496485
5.0,0.01,shaft_1,shaft_1_ball_bearing_1,ball,8,-39.99999999999996,826.4926764649052,-0.8110483850626115
5.0,0.01,shaft_2,shaft_2_ball_bearing_1,ball,0,0.0,1358.7191777733553,2.6056471193676263
5.0,0.01,shaft_2,shaft_2_ball_bearing_1,ball,1,40.00000000000001,826.4926764648985,-0.8110483850626302
5.0,0.01,shaft_2,shaft_2_ball_bearing_1,ball,2,80.00000000000001,108.24151380478744,-10.2095482184965
5.0,0.01,shaft_2,shaft_2_ball_bearing_1,ball,3,119.99999999999997,0.0,-21.788443655637167
5.0,0.01,shaft_2,shaft_2_ball_bearing_1,ball,4,160.00000000000003,0.0,-29.466785733213815
5.0,0.01,shaft_2,shaft_2_ball_bearing_1,ball,5,-160.00000000000003,0.0,-29.466785733213815
5.0,0.01,shaft_2,shaft_2_ball_bearing_1,ball,6,-120.00000000000001,0.0,-21.788443655637177
5.0,0.01,shaft_2,shaft_2_ball_bearing_1,ball,7,-80.00000000000001,108.24151380478914,-10.209548218496506
5.0,0.01,shaft_2,shaft_2_ball_bearing_1,ball,8,-39.99999999999996,826.4926764648985,-0.8110483850626329
5.0,0.02,shaft_1,shaft_1_ball_bearing_1,ball,0,0.0,1419.4507721576852,2.0043508983805123
5.0,0.02,shaft_1,shaft_1_ball_bearing_1,ball,1,40.00000000000001,805.1937477490652,-1.423669967274079
5.0,0.02,shaft_1,shaft_1_ball_bearing_1,ball,2,80.00000000000001,25.26808505509313,-10.991605469814214
5.0,0.02,shaft_1,shaft_1_ball_bearing_1,ball,3,119.99999999999997,0.0,-23.037089416969927
5.0,0.02,shaft_1,shaft_1_ball_bearing_1,ball,4,160.00000000000003,0.0,-31.149850876953852
5.0,0.02,shaft_1,shaft_1_ball_bearing_1,ball,5,-160.00000000000003,0.0,-31.149850876953852
5.0,0.02,shaft_1,shaft_1_ball_bearing_1,ball,6,-120.00000000000001,0.0,-23.037089416969938
5.0,0.02,shaft_1,shaft_1_ball_bearing_1,ball,7,-80.00000000000001,25.26808505509313,-10.991605469814221
5.0,0.02,shaft_1,shaft_1_ball_bearing_1,ball,8,-39.99999999999996,805.1937477490652,-1.423669967274083
5.0,0.02,shaft_2,shaft_2_ball_bearing_1,ball,0,0.0,1419.4507721576692,2.0043508983805087
5.0,0.02,shaft_2,shaft_2_ball_bearing_1,ball,1,40.00000000000001,805.1937477490586,-1.4236699672740847
5.0,0.02,shaft_2,shaft_2_ball_bearing_1,ball,2,80.00000000000001,25.26808505509313,-10.99160546981422
5.0,0.02,shaft_2,shaft_2_ball_bearing_1,ball,3,119.99999999999997,0.0,-23.037089416969923
5.0,0.02,shaft_2,shaft_2_ball_bearing_1,ball,4,160.00000000000003,0.0,-31.14985087695385
5.0,0.02,shaft_2,shaft_2_ball_bearing_1,ball,5,-160.00000000000003,0.0,-31.14985087695385
5.0,0.02,shaft_2,shaft_2_ball_bearing_1,ball,6,-120.00000000000001,0.0,-23.037089416969938
5.0,0.02,shaft_2,shaft_2_ball_bearing_1,ball,7,-80.00000000000001,25.26808505509313,-10.991605469814228
5.0,0.02,shaft_2,shaft_2_ball_bearing_1,ball,8,-39.99999999999996,805.1937477490586,-1.4236699672740887
