shaft,d,E,L,Phi,lam,n_elem,integration_method,rw_numeric,rw_theory,abs_err,rel_err
shaft_A_steel_d20,20.0,210000.0,2966.4793948382653,9.999999999999999e-05,173.20508075688775,1,single_point,0.7500250000017425,0.750025,1.7424950371491832e-12,2.3232492745564254e-12
shaft_A_steel_d20,20.0,210000.0,2966.4793948382653,9.999999999999999e-05,173.20508075688775,1,exact,9.9992500749925e-05,9.999250074992499e-05,1.3552527156068805e-20,1.355354357019516e-16
shaft_A_steel_d20,20.0,210000.0,2966.4793948382653,9.999999999999999e-05,173.20508075688775,2,single_point,0.937524999993297,0.937525,6.703082533476845e-12,7.149764042000848e-12
shaft_A_steel_d20,20.0,210000.0,2966.4793948382653,9.999999999999999e-05,173.20508075688775,2,exact,0.00039985005997600825,0.00039985005997600955,1.3010426069826053e-18,3.253826214408136e-15
shaft_A_steel_d20,20.0,210000.0,2230.235291229305,0.0001769217817943499,130.21768645903356,1,single_point,0.7500442304460648,0.7500442304454485,6.162848009694244e-13,8.216646111702174e-13
shaft_A_steel_d20,20.0,210000.0,2230.235291229305,0.0001769217817943499,130.21768645903356,1,exact,0.00017689830995937394,0.0001768983099593738,1.3552527156068805e-19,7.661196514077076e-16
shaft_A_steel_d20,20.0,210000.0,2230.235291229305,0.0001769217817943499,130.21768645903356,2,single_point,0.9375442304511336,0.9375442304454485,5.6850080198955766e-12,6.063722473332805e-12
shaft_A_steel_d20,20.0,210000.0,2230.235291229305,0.0001769217817943499,130.21768645903356,2,exact,0.0007072179394624069,0.0007072179394624064,4.336808689942018e-19,6.132209673921244e-16
shaft_A_steel_d20,20.0,210000.0,1676.7180189754354,0.0003130131687328754,97.89924055717326,1,single_point,0.7500782532932841,0.7500782532921833,1.1008971512183052e-12,1.4677097307998676e-12
shaft_A_steel_d20,20.0,210000.0,1676.7180189754354,0.0003130131687328754,97.89924055717326,1,exact,0.00031293970879395363,0.0003129397087939536,5.421010862427522e-20,1.7322860314914e-16
shaft_A_steel_d20,20.0,210000.0,1676.7180189754354,0.0003130131687328754,97.89924055717326,2,single_point,0.9375782532906052,0.9375782532921833,1.5780710072021975e-12,1.683135249416257e-12
shaft_A_steel_d20,20.0,210000.0,1676.7180189754354,0.0003130131687328754,97.89924055717326,2,exact,0.0012505848540635429,0.0012505848540635427,2.168404344971009e-19,1.7339122074965027e-16
shaft_A_steel_d20,20.0,210000.0,1260.5770010962717,0.0005537884753731581,73.60183982908099,1,single_point,0.7501384471193226,0.7501384471188433,4.793943020331426e-13,6.390744320257363e-13
shaft_A_steel_d20,20.0,210000.0,1260.5770010962717,0.0005537884753731581,73.60183982908099,1,exact,0.000553558591423648,0.0005535585914236478,2.168404344971009e-19,3.9172083652324567e-16
shaft_A_steel_d20,20.0,210000.0,1260.5770010962717,0.0005537884753731581,73.60183982908099,2,single_point,0.9376384471188156,0.9376384471188433,2.7644553313166398e-14,2.9483169550173666e-14
shaft_A_steel_d20,20.0,210000.0,1260.5770010962717,0.0005537884753731581,73.60183982908099,2,exact,0.0022105638440444507,0.0022105638440444546,3.903127820947816e-18,1.7656707049938177e-15
shaft_A_steel_d20,20.0,210000.0,947.7171222051207,0.0009797724380019549,55.33475842503627,1,single_point,0.7502449431097532,0.7502449431095005,2.5268676040468563e-13,3.3680568289789225e-13
shaft_A_steel_d20,20.0,210000.0,947.7171222051207,0.0009797724380019549,55.33475842503627,1,exact,0.0009790531771911727,0.0009790531771911718,8.673617379884035e-19,8.859189247276615e-16
shaft_A_steel_d20,20.0,210000.0,947.7171222051207,0.0009797724380019549,55.33475842503627,2,single_point,0.9377449431094224,0.9377449431095005,7.815970093361102e-14,8.33485709604987e-14
shaft_A_steel_d20,20.0,210000.0,947.7171222051207,0.0009797724380019549,55.33475842503627,2,exact,0.003904746653444385,0.003904746653444387,1.734723475976807e-18,4.442601863674313e-16
shaft_A_steel_d20,20.0,210000.0,712.5052598450201,0.0017334308548430013,41.60134443741598,1,single_point,0.750433357713931,0.7504333577137108,2.2026824808563106e-13,2.935213977650272e-13
shaft_A_steel_d20,20.0,210000.0,712.5052598450201,0.0017334308548430013,41.60134443741598,1,exact,0.0017311811676238504,0.0017311811676238497,6.505213034913027e-19,3.7576731751546387e-16
shaft_A_steel_d20,20.0,210000.0,712.5052598450201,0.0017334308548430013,41.60134443741598,2,single_point,0.9379333577137293,0.9379333577137108,1.8540724511240114e-14,1.9767635257620698e-14
shaft_A_steel_d20,20.0,210000.0,712.5052598450201,0.0017334308548430013,41.60134443741598,2,exact,0.0068889620444378425,0.006888962044437843,8.673617379884035e-19,1.2590601202233542e-16
shaft_A_steel_d20,20.0,210000.0,535.6701207693728,0.0030668167545612707,31.276396757837418,1,single_point,0.7507667041886202,0.7507667041886403,2.0095036745715333e-14,2.6766020167919144e-14
shaft_A_steel_d20,20.0,210000.0,535.6701207693728,0.0030668167545612707,31.276396757837418,1,exact,0.0030597842980621447,0.0030597842980621443,4.336808689942018e-19,1.41735765252755e-16
shaft_A_steel_d20,20.0,210000.0,535.6701207693728,0.0030668167545612707,31.276396757837418,2,single_point,0.9382667041886305,0.9382667041886403,9.880984919163893e-15,1.0531104722199863e-14
shaft_A_steel_d20,20.0,210000.0,535.6701207693728,0.0030668167545612707,31.276396757837418,2,exact,0.01212789624168482,0.01212789624168482,0.0,0.0
shaft_A_steel_d20,20.0,210000.0,402.72331231279435,0.005425866846537448,23.513975506855626,1,single_point,0.7513564667115943,0.7513564667116344,4.007905118896815e-14,5.334225892055871e-14
shaft_A_steel_d20,20.0,210000.0,402.72331231279435,0.005425866846537448,23.513975506855626,1,exact,0.005403905979997859,0.00540390597999786,8.673617379884035e-19,1.6050644500457186e-16
shaft_A_steel_d20,20.0,210000.0,402.72331231279435,0.005425866846537448,23.513975506855626,2,single_point,0.9388564667115872,0.9388564667116344,4.718447854656915e-14,5.025739313681658e-14
shaft_A_steel_d20,20.0,210000.0,402.72331231279435,0.005425866846537448,23.513975506855626,2,exact,0.02127124758887815,0.02127124758887821,5.898059818321144e-17,2.7727850910846328e-15
shaft_A_steel_d20,20.0,210000.0,302.77228464272696,0.00959954030268295,17.67809279368013,1,single_point,0.7523998850756501,0.7523998850756707,2.0539125955565396e-14,2.729815137265701e-14
shaft_A_steel_d20,20.0,210000.0,302.77228464272696,0.00959954030268295,17.67809279368013,1,exact,0.009531084070525392,0.009531084070525392,0.0,0.0
shaft_A_steel_d20,20.0,210000.0,302.77228464272696,0.00959954030268295,17.67809279368013,2,single_point,0.939899885075646,0.9398998850756707,2.4646951146678475e-14,2.6222953676278157e-14
shaft_A_steel_d20,20.0,210000.0,302.77228464272696,0.00959954030268295,17.67809279368013,2,exact,0.03706700745682785,0.037067007456827956,1.0408340855860843e-16,2.807979810073275e-15
shaft_A_steel_d20,20.0,210000.0,227.62788630566217,0.016983677747573405,13.290605186300791,1,single_point,0.7542459194368863,0.7542459194368933,6.994405055138486e-15,9.273374737460145e-15
shaft_A_steel_d20,20.0,210000.0,227.62788630566217,0.016983677747573405,13.290605186300791,1,exact,0.016770956553410085,0.01677095655341009,3.469446951953614e-18,2.068723355703978e-16
shaft_A_steel_d20,20.0,210000.0,227.62788630566217,0.016983677747573405,13.290605186300791,2,single_point,0.9417459194368841,0.9417459194368933,9.2148511043888e-15,9.78485907313378e-15
shaft_A_steel_d20,20.0,210000.0,227.62788630566217,0.016983677747573405,13.290605186300791,2,exact,0.06388326514536052,0.06388326514536066,1.3877787807814457e-16,2.172366702959968e-15
shaft_A_steel_d20,20.0,210000.0,171.13341363171605,0.030047825285217385,9.99203863672861,1,single_point,0.7575119563213086,0.7575119563213043,4.3298697960381105e-15,5.715909511270558e-15
shaft_A_steel_d20,20.0,210000.0,171.13341363171605,0.030047825285217385,9.99203863672861,1,exact,0.029390424884327554,0.029390424884327544,1.0408340855860843e-17,3.541405371587906e-16
shaft_A_steel_d20,20.0,210000.0,171.13341363171605,0.030047825285217385,9.99203863672861,2,single_point,0.9450119563212761,0.9450119563213043,2.8199664825478976e-14,2.984053761103006e-14
shaft_A_steel_d20,20.0,210000.0,171.13341363171605,0.030047825285217385,9.99203863672861,2,exact,0.10810133306865607,0.1081013330686562,1.249000902703301e-16,1.1553982427858208e-15
shaft_A_steel_d20,20.0,210000.0,128.66018191601304,0.05316114788505977,7.512136183293422,1,single_point,0.7632902869712663,0.763290286971265,1.3322676295501878e-15,1.7454272015390427e-15
shaft_A_steel_d20,20.0,210000.0,128.66018191601304,0.05316114788505977,7.512136183293422,1,exact,0.05114855870286347,0.05114855870286348,6.938893903907228e-18,1.3566157248373774e-16
shaft_A_steel_d20,20.0,210000.0,128.66018191601304,0.05316114788505977,7.512136183293422,2,single_point,0.9507902869712501,0.950790286971265,1.4876988529977098e-14,1.5646971507636692e-14
shaft_A_steel_d20,20.0,210000.0,128.66018191601304,0.05316114788505977,7.512136183293422,2,exact,0.17768660388038024,0.17768660388038052,2.7755575615628914e-16,1.562052231822389e-15
shaft_A_steel_d20,20.0,210000.0,96.7282896973296,0.0940536500605771,5.647715354994076,1,single_point,0.7735134125151438,0.7735134125151443,4.440892098500626e-16,5.74119598529092e-16
shaft_A_steel_d20,20.0,210000.0,96.7282896973296,0.0940536500605771,5.647715354994076,1,exact,0.08798944396161593,0.0879894439616159,2.7755575615628914e-17,3.1544210721159775e-16
shaft_A_steel_d20,20.0,210000.0,96.7282896973296,0.0940536500605771,5.647715354994076,2,single_point,0.9610134125151437,0.9610134125151443,5.551115123125783e-16,5.77631388993575e-16
shaft_A_steel_d20,20.0,210000.0,96.7282896973296,0.0940536500605771,5.647715354994076,2,exact,0.27979698025600785,0.27979698025600713,7.216449660063518e-16,2.5791735327024077e-15
shaft_A_steel_d20,20.0,210000.0,72.72150473001959,0.16640139352979552,4.246021098761808,1,single_point,0.7916003483824502,0.7916003483824489,1.3322676295501878e-15,1.683005360309069e-15
shaft_A_steel_d20,20.0,210000.0,72.72150473001959,0.16640139352979552,4.246021098761808,1,exact,0.1485970013696941,0.148597001369694,8.326672684688674e-17,5.603526725261953e-16
shaft_A_steel_d20,20.0,210000.0,72.72150473001959,0.16640139352979552,4.246021098761808,2,single_point,0.9791003483824441,0.9791003483824489,4.773959005888173e-15,4.875862840591499e-15
shaft_A_steel_d20,20.0,210000.0,72.72150473001959,0.16640139352979552,4.246021098761808,2,exact,0.4162420015041527,0.41624200150415164,1.0547118733938987e-15,2.533891028734588e-15
shaft_A_steel_d20,20.0,210000.0,54.67291178977868,0.2944003103635423,3.1922103076934087,1,single_point,0.8236000775908868,0.8236000775908856,1.2212453270876722e-15,1.4828135163123584e-15
shaft_A_steel_d20,20.0,210000.0,54.67291178977868,0.2944003103635423,3.1922103076934087,1,exact,0.24418118067378233,0.24418118067378214,1.942890293094024e-16,7.956756895567886e-16
shaft_A_steel_d20,20.0,210000.0,54.67291178977868,0.2944003103635423,3.1922103076934087,2,single_point,1.0111000775908874,1.0111000775908856,1.7763568394002505e-15,1.7568556058592306e-15
shaft_A_steel_d20,20.0,210000.0,54.67291178977868,0.2944003103635423,3.1922103076934087,2,exact,0.5805804846768249,0.5805804846768259,9.992007221626409e-16,1.721037390223055e-15
shaft_A_steel_d20,20.0,210000.0,41.103760086787695,0.5208582747032748,2.399942537147458,1,single_point,0.8802145686758189,0.8802145686758187,2.220446049250313e-16,2.5226190616121226e-16
shaft_A_steel_d20,20.0,210000.0,41.103760086787695,0.5208582747032748,2.399942537147458,1,exact,0.3870719711866951,0.3870719711866951,0.0,0.0
shaft_A_steel_d20,20.0,210000.0,41.103760086787695,0.5208582747032748,2.399942537147458,2,single_point,1.0677145686758187,1.0677145686758187,0.0,0.0
shaft_A_steel_d20,20.0,210000.0,41.103760086787695,0.5208582747032748,2.399942537147458,2,exact,0.7636703523894762,0.7636703523894753,8.881784197001252e-16,1.1630390219039827e-15
shaft_A_steel_d20,20.0,210000.0,30.902306790765493,0.9215117402283436,1.8043059906574799,1,single_point,0.9803779350570858,0.9803779350570859,1.1102230246251565e-16,1.1324439126228497e-16
shaft_A_steel_d20,20.0,210000.0,30.902306790765493,0.9215117402283436,1.8043059906574799,1,exact,0.590060257419127,0.5900602574191269,1.1102230246251565e-16,1.8815417758877323e-16
shaft_A_steel_d20,20.0,210000.0,30.902306790765493,0.9215117402283436,1.8043059906574799,2,single_point,1.1678779350570863,1.1678779350570858,4.440892098500626e-16,3.802531039584677e-16
shaft_A_steel_d20,20.0,210000.0,30.902306790765493,0.9215117402283436,1.8043059906574799,2,exact,0.9678159194990372,0.9678159194990367,5.551115123125783e-16,5.735713797722158e-16
shaft_A_steel_d20,20.0,210000.0,23.232730119441054,1.6303549902561054,1.3564991900980854,1,single_point,1.1575887475640265,1.1575887475640263,2.220446049250313e-16,1.9181648525203033e-16
shaft_A_steel_d20,20.0,210000.0,23.232730119441054,1.6303549902561054,1.3564991900980854,1,exact,0.8724561313284603,0.8724561313284603,0.0,0.0
shaft_A_steel_d20,20.0,210000.0,23.232730119441054,1.6303549902561054,1.3564991900980854,2,single_point,1.3450887475640256,1.3450887475640263,6.661338147750939e-16,4.952340995948938e-16
shaft_A_steel_d20,20.0,210000.0,23.232730119441054,1.6303549902561054,1.3564991900980854,2,exact,1.22044473022979,1.2204447302297898,2.220446049250313e-16,1.8193745232790996e-16
shaft_A_steel_d20,20.0,210000.0,17.466649090548774,2.8844530983342014,1.0198325906274035,1,single_point,1.4711132745835505,1.4711132745835505,0.0,0.0
shaft_A_steel_d20,20.0,210000.0,17.466649090548774,2.8844530983342014,1.0198325906274035,1,exact,1.2780359015238454,1.2780359015238452,2.220446049250313e-16,1.7373894165279712e-16
shaft_A_steel_d20,20.0,210000.0,17.466649090548774,2.8844530983342014,1.0198325906274035,2,single_point,1.6586132745835511,1.6586132745835505,6.661338147750939e-16,4.0162093538190737e-16
shaft_A_steel_d20,20.0,210000.0,17.466649090548774,2.8844530983342014,1.0198325906274035,2,exact,1.5838394647203382,1.5838394647203375,6.661338147750939e-16,4.20581649600905e-16
shaft_A_steel_d20,20.0,210000.0,13.131639238432653,5.103225816595203,0.7667225461672383,1,single_point,2.0258064541488006,2.0258064541488006,0.0,0.0
shaft_A_steel_d20,20.0,210000.0,13.131639238432653,5.103225816595203,0.7667225461672383,1,exact,1.9029206192579005,1.9029206192579,4.440892098500626e-16,2.3337243043971446e-16
shaft_A_steel_d20,20.0,210000.0,13.131639238432653,5.103225816595203,0.7667225461672383,2,single_point,2.2133064541488,2.2133064541488006,4.440892098500626e-16,2.0064515197053978e-16
shaft_A_steel_d20,20.0,210000.0,13.131639238432653,5.103225816595203,0.7667225461672383,2,exact,2.169524441577349,2.169524441577347,1.7763568394002505e-15,8.187770579384461e-16
shaft_A_steel_d20,20.0,210000.0,9.872526103570237,9.028718043709496,0.5764313360877379,1,single_point,3.007179510927374,3.007179510927374,0.0,0.0
shaft_A_steel_d20,20.0,210000.0,9.872526103570237,9.028718043709496,0.5764313360877379,1,exact,2.9323942794819216,2.9323942794819216,0.0,0.0
shaft_A_steel_d20,20.0,210000.0,9.872526103570237,9.028718043709496,0.5764313360877379,2,single_point,3.194679510927373,3.194679510927374,8.881784197001252e-16,2.780180035781738e-16
shaft_A_steel_d20,20.0,210000.0,9.872526103570237,9.028718043709496,0.5764313360877379,2,exact,3.1694200948209774,3.169420094820976,1.3322676295501878e-15,4.203505971730266e-16
shaft_A_steel_d20,20.0,210000.0,7.422285207197722,15.973768836118783,0.43336808978018376,1,single_point,4.743442209029696,4.743442209029696,0.0,0.0
shaft_A_steel_d20,20.0,210000.0,7.422285207197722,15.973768836118783,0.43336808978018376,1,exact,4.699256382815068,4.699256382815069,8.881784197001252e-16,1.8900403539337555e-16
shaft_A_steel_d20,20.0,210000.0,7.422285207197722,15.973768836118783,0.43336808978018376,2,single_point,4.930942209029697,4.930942209029696,8.881784197001252e-16,1.8012346972423752e-16
shaft_A_steel_d20,20.0,210000.0,7.422285207197722,15.973768836118783,0.43336808978018376,2,exact,4.916495812365177,4.916495812365179,1.7763568394002505e-15,3.613054718632412e-16
shaft_A_steel_d20,20.0,210000.0,5.580164298280615,28.26107644457194,0.32581140108444634,1,single_point,7.815269111142986,7.815269111142985,8.881784197001252e-16,1.1364655612866398e-16
shaft_A_steel_d20,20.0,210000.0,5.580164298280615,28.26107644457194,0.32581140108444634,1,exact,7.789637791617859,7.789637791617858,8.881784197001252e-16,1.140205030657345e-16
shaft_A_steel_d20,20.0,210000.0,5.580164298280615,28.26107644457194,0.32581140108444634,2,single_point,8.002769111142987,8.002769111142985,1.7763568394002505e-15,2.219677732457465e-16
shaft_A_steel_d20,20.0,210000.0,5.580164298280615,28.26107644457194,0.32581140108444634,2,exact,7.994548621802443,7.994548621802442,8.881784197001252e-16,1.1109800711924089e-16
shaft_A_steel_d20,20.0,210000.0,4.195235392680606,50.000000000000014,0.24494897427831777,1,single_point,13.250000000000007,13.250000000000004,3.552713678800501e-15,2.6812933424909435e-16
shaft_A_steel_d20,20.0,210000.0,4.195235392680606,50.000000000000014,0.24494897427831777,1,exact,13.235294117647063,13.235294117647062,1.7763568394002505e-15,1.3421362786579668e-16
shaft_A_steel_d20,20.0,210000.0,4.195235392680606,50.000000000000014,0.24494897427831777,2,single_point,13.437500000000004,13.437500000000004,0.0,0.0
shaft_A_steel_d20,20.0,210000.0,4.195235392680606,50.000000000000014,0.24494897427831777,2,exact,13.432835820895523,13.432835820895525,1.7763568394002505e-15,1.3223989804424086e-16
shaft_B_alu_d55,55.0,71000.0,8240.828235074432,0.0001,173.20508075688772,1,single_point,0.7500250000002437,0.750025,2.4369395390522186e-13,3.2491444139224936e-13
shaft_B_alu_d55,55.0,71000.0,8240.828235074432,0.0001,173.20508075688772,1,exact,9.999250074992507e-05,9.9992500749925e-05,6.776263578034403e-20,6.776771785097578e-16
shaft_B_alu_d55,55.0,71000.0,8240.828235074432,0.0001,173.20508075688772,2,single_point,0.9375250000007528,0.937525,7.527312106958561e-13,8.028918809587543e-13
shaft_B_alu_d55,55.0,71000.0,8240.828235074432,0.0001,173.20508075688772,2,exact,0.00039985005997601085,0.0003998500599760096,1.2468324983583301e-18,3.11825012214113e-15
shaft_B_alu_d55,55.0,71000.0,6195.554902825793,0.00017692178179434993,130.21768645903353,1,single_point,0.7500442304481347,0.7500442304454485,2.6861846080805662e-12,3.5813682700888865e-12
shaft_B_alu_d55,55.0,71000.0,6195.554902825793,0.00017692178179434993,130.21768645903353,1,exact,0.0001768983099593739,0.00017689830995937383,8.131516293641283e-20,4.596717908446244e-16
shaft_B_alu_d55,55.0,71000.0,6195.554902825793,0.00017692178179434993,130.21768645903353,2,single_point,0.9375442304464947,0.9375442304454485,1.046163156104285e-12,1.1158547214430931e-12
shaft_B_alu_d55,55.0,71000.0,6195.554902825793,0.00017692178179434993,130.21768645903353,2,exact,0.0007072179394624079,0.0007072179394624065,1.4094628242311558e-18,1.9929681440244043e-15
shaft_B_alu_d55,55.0,71000.0,4657.893534360511,0.0003130131687328754,97.89924055717326,1,single_point,0.7500782532917941,0.7500782532921833,3.8913317013111737e-13,5.187900974640517e-13
shaft_B_alu_d55,55.0,71000.0,4657.893534360511,0.0003130131687328754,97.89924055717326,1,exact,0.0003129397087939537,0.0003129397087939536,1.0842021724855044e-19,3.4645720629828e-16
shaft_B_alu_d55,55.0,71000.0,4657.893534360511,0.0003130131687328754,97.89924055717326,2,single_point,0.9375782532905268,0.9375782532921833,1.6564527527407336e-12,1.7667354665323312e-12
shaft_B_alu_d55,55.0,71000.0,4657.893534360511,0.0003130131687328754,97.89924055717326,2,exact,0.0012505848540635429,0.0012505848540635427,2.168404344971009e-19,1.7339122074965027e-16
shaft_B_alu_d55,55.0,71000.0,3501.8610145060466,0.000553788475373158,73.601839829081,1,single_point,0.7501384471188994,0.7501384471188433,5.617728504603292e-14,7.488922246526693e-14
shaft_B_alu_d55,55.0,71000.0,3501.8610145060466,0.000553788475373158,73.601839829081,1,exact,0.0005535585914236479,0.0005535585914236477,2.168404344971009e-19,3.9172083652324577e-16
shaft_B_alu_d55,55.0,71000.0,3501.8610145060466,0.000553788475373158,73.601839829081,2,single_point,0.9376384471189491,0.9376384471188433,1.0580425424677742e-13,1.1284120715387751e-13
shaft_B_alu_d55,55.0,71000.0,3501.8610145060466,0.000553788475373158,73.601839829081,2,exact,0.002210563844044467,0.002210563844044454,1.3010426069826053e-17,5.88556901664606e-15
shaft_B_alu_d55,55.0,71000.0,2632.741704904797,0.000979772438001955,55.33475842503626,1,single_point,0.7502449431093186,0.7502449431095005,1.8196555373606316e-13,2.42541526480512e-13
shaft_B_alu_d55,55.0,71000.0,2632.741704904797,0.000979772438001955,55.33475842503626,1,exact,0.000979053177191172,0.000979053177191172,0.0,0.0
shaft_B_alu_d55,55.0,71000.0,2632.741704904797,0.000979772438001955,55.33475842503626,2,single_point,0.937744943108892,0.9377449431095005,6.085132397970483e-13,6.489112463558144e-13
shaft_B_alu_d55,55.0,71000.0,2632.741704904797,0.000979772438001955,55.33475842503626,2,exact,0.0039047466534443943,0.0039047466534443877,6.5052130349130266e-18,1.6659756988778671e-15
shaft_B_alu_d55,55.0,71000.0,1979.3272365844336,0.0017334308548430013,41.60134443741598,1,single_point,0.750433357713465,0.7504333577137108,2.4580337765200966e-13,3.2754857593335194e-13
shaft_B_alu_d55,55.0,71000.0,1979.3272365844336,0.0017334308548430013,41.60134443741598,1,exact,0.001731181167623849,0.0017311811676238497,6.505213034913027e-19,3.7576731751546387e-16
shaft_B_alu_d55,55.0,71000.0,1979.3272365844336,0.0017334308548430013,41.60134443741598,2,single_point,0.9379333577134323,0.9379333577137108,2.7844393457598926e-13,2.9686963608450724e-13
shaft_B_alu_d55,55.0,71000.0,1979.3272365844336,0.0017334308548430013,41.60134443741598,2,exact,0.006888962044437837,0.006888962044437843,6.071532165918825e-18,8.81342084156348e-16
shaft_B_alu_d55,55.0,71000.0,1488.0822916225427,0.00306681675456127,31.276396757837425,1,single_point,0.7507667041887068,0.7507667041886403,6.650235917504688e-14,8.857926011372136e-14
shaft_B_alu_d55,55.0,71000.0,1488.0822916225427,0.00306681675456127,31.276396757837425,1,exact,0.0030597842980621447,0.0030597842980621434,1.3010426069826053e-18,4.252072957582651e-16
shaft_B_alu_d55,55.0,71000.0,1488.0822916225427,0.00306681675456127,31.276396757837425,2,single_point,0.9382667041886308,0.9382667041886403,9.547918011776346e-15,1.0176123664148184e-14
shaft_B_alu_d55,55.0,71000.0,1488.0822916225427,0.00306681675456127,31.276396757837425,2,exact,0.012127896241684791,0.012127896241684817,2.6020852139652106e-17,2.1455371666370117e-15
shaft_B_alu_d55,55.0,71000.0,1118.7583668387208,0.005425866846537448,23.513975506855626,1,single_point,0.7513564667116446,0.7513564667116344,1.021405182655144e-14,1.3594149087787816e-14
shaft_B_alu_d55,55.0,71000.0,1118.7583668387208,0.005425866846537448,23.513975506855626,1,exact,0.005403905979997861,0.00540390597999786,8.673617379884035e-19,1.6050644500457186e-16
shaft_B_alu_d55,55.0,71000.0,1118.7583668387208,0.005425866846537448,23.513975506855626,2,single_point,0.9388564667115662,0.9388564667116344,6.816769371198461e-14,7.260715149648324e-14
shaft_B_alu_d55,55.0,71000.0,1118.7583668387208,0.005425866846537448,23.513975506855626,2,exact,0.021271247588878193,0.02127124758887821,1.734723475976807e-17,8.155250267895979e-16
shaft_B_alu_d55,55.0,71000.0,841.0961479871704,0.00959954030268295,17.67809279368013,1,single_point,0.7523998850757035,0.7523998850756707,3.2862601528904634e-14,4.367704219625122e-14
shaft_B_alu_d55,55.0,71000.0,841.0961479871704,0.00959954030268295,17.67809279368013,1,exact,0.0095310840705254,0.009531084070525392,8.673617379884035e-18,9.100347154325238e-16
shaft_B_alu_d55,55.0,71000.0,841.0961479871704,0.00959954030268295,17.67809279368013,2,single_point,0.9398998850755835,0.9398998850756707,8.715250743307479e-14,9.272530917062321e-14
shaft_B_alu_d55,55.0,71000.0,841.0961479871704,0.00959954030268295,17.67809279368013,2,exact,0.037067007456828005,0.037067007456827956,4.85722573273506e-17,1.310390578034195e-15
shaft_B_alu_d55,55.0,71000.0,632.3463145646714,0.016983677747573405,13.290605186300791,1,single_point,0.7542459194368989,0.7542459194368933,5.551115123125783e-15,7.359821220206464e-15
shaft_B_alu_d55,55.0,71000.0,632.3463145646714,0.016983677747573405,13.290605186300791,1,exact,0.016770956553410085,0.01677095655341009,3.469446951953614e-18,2.068723355703978e-16
shaft_B_alu_d55,55.0,71000.0,632.3463145646714,0.016983677747573405,13.290605186300791,2,single_point,0.9417459194368608,0.9417459194368933,3.2529534621517087e-14,3.454173142684575e-14
shaft_B_alu_d55,55.0,71000.0,632.3463145646714,0.016983677747573405,13.290605186300791,2,exact,0.0638832651453607,0.06388326514536066,4.163336342344337e-17,6.517100108879903e-16
shaft_B_alu_d55,55.0,71000.0,475.4056507100084,0.030047825285217388,9.99203863672861,1,single_point,0.7575119563212948,0.7575119563213043,9.547918011776346e-15,1.2604313281263281e-14
shaft_B_alu_d55,55.0,71000.0,475.4056507100084,0.030047825285217388,9.99203863672861,1,exact,0.029390424884327547,0.029390424884327547,0.0,0.0
shaft_B_alu_d55,55.0,71000.0,475.4056507100084,0.030047825285217388,9.99203863672861,2,single_point,0.9450119563213065,0.9450119563213043,2.220446049250313e-15,2.3496486307897686e-15
shaft_B_alu_d55,55.0,71000.0,475.4056507100084,0.030047825285217388,9.99203863672861,2,exact,0.10810133306865627,0.10810133306865621,5.551115123125783e-17,5.135103301270314e-16
shaft_B_alu_d55,55.0,71000.0,357.4157507071104,0.05316114788505977,7.512136183293422,1,single_point,0.7632902869712679,0.763290286971265,2.886579864025407e-15,3.781758936667926e-15
shaft_B_alu_d55,55.0,71000.0,357.4157507071104,0.05316114788505977,7.512136183293422,1,exact,0.051148558702863514,0.05114855870286348,3.469446951953614e-17,6.783078624186887e-16
shaft_B_alu_d55,55.0,71000.0,357.4157507071104,0.05316114788505977,7.512136183293422,2,single_point,0.9507902869712482,0.950790286971265,1.6764367671839864e-14,1.763203505711299e-14
shaft_B_alu_d55,55.0,71000.0,357.4157507071104,0.05316114788505977,7.512136183293422,2,exact,0.17768660388038063,0.17768660388038052,1.1102230246251565e-16,6.248208927289555e-16
shaft_B_alu_d55,55.0,71000.0,268.70950873794044,0.0940536500605771,5.647715354994076,1,single_point,0.7735134125151468,0.7735134125151443,2.55351295663786e-15,3.3011876915422794e-15
shaft_B_alu_d55,55.0,71000.0,268.70950873794044,0.0940536500605771,5.647715354994076,1,exact,0.08798944396161586,0.0879894439616159,4.163336342344337e-17,4.731631608173966e-16
shaft_B_alu_d55,55.0,71000.0,268.70950873794044,0.0940536500605771,5.647715354994076,2,single_point,0.9610134125151429,0.9610134125151443,1.3322676295501878e-15,1.38631533358458e-15
shaft_B_alu_d55,55.0,71000.0,268.70950873794044,0.0940536500605771,5.647715354994076,2,exact,0.27979698025600785,0.27979698025600713,7.216449660063518e-16,2.5791735327024077e-15
shaft_B_alu_d55,55.0,71000.0,202.01907706455444,0.16640139352979552,4.246021098761808,1,single_point,0.7916003483824523,0.7916003483824489,3.4416913763379853e-15,4.3477638474650945e-15
shaft_B_alu_d55,55.0,71000.0,202.01907706455444,0.16640139352979552,4.246021098761808,1,exact,0.14859700136969411,0.148597001369694,1.1102230246251565e-16,7.471368967015938e-16
shaft_B_alu_d55,55.0,71000.0,202.01907706455444,0.16640139352979552,4.246021098761808,2,single_point,0.9791003483824554,0.9791003483824489,6.5503158452884236e-15,6.69013738592787e-15
shaft_B_alu_d55,55.0,71000.0,202.01907706455444,0.16640139352979552,4.246021098761808,2,exact,0.41624200150415286,0.41624200150415164,1.2212453270876722e-15,2.9339790859032072e-15
shaft_B_alu_d55,55.0,71000.0,151.88039935652623,0.2944003103635423,3.1922103076934087,1,single_point,0.8236000775908858,0.8236000775908856,2.220446049250313e-16,2.696024575113379e-16
shaft_B_alu_d55,55.0,71000.0,151.88039935652623,0.2944003103635423,3.1922103076934087,1,exact,0.24418118067378222,0.24418118067378214,8.326672684688674e-17,3.410038669529094e-16
shaft_B_alu_d55,55.0,71000.0,151.88039935652623,0.2944003103635423,3.1922103076934087,2,single_point,1.0111000775908863,1.0111000775908856,6.661338147750939e-16,6.588208521972115e-16
shaft_B_alu_d55,55.0,71000.0,151.88039935652623,0.2944003103635423,3.1922103076934087,2,exact,0.580580484676825,0.5805804846768259,8.881784197001252e-16,1.5298110135316046e-15
shaft_B_alu_d55,55.0,71000.0,114.18553160366493,0.520858274703275,2.3999425371474574,1,single_point,0.8802145686758196,0.8802145686758187,8.881784197001252e-16,1.009047624644849e-15
shaft_B_alu_d55,55.0,71000.0,114.18553160366493,0.520858274703275,2.3999425371474574,1,exact,0.3870719711866953,0.38707197118669523,5.551115123125783e-17,1.4341299645404526e-16
shaft_B_alu_d55,55.0,71000.0,114.18553160366493,0.520858274703275,2.3999425371474574,2,single_point,1.0677145686758192,1.0677145686758187,4.440892098500626e-16,4.159250261058278e-16
shaft_B_alu_d55,55.0,71000.0,114.18553160366493,0.520858274703275,2.3999425371474574,2,exact,0.7636703523894759,0.7636703523894753,5.551115123125783e-16,7.268993886899892e-16
shaft_B_alu_d55,55.0,71000.0,85.8460715329381,0.9215117402283437,1.8043059906574797,1,single_point,0.9803779350570865,0.9803779350570859,5.551115123125783e-16,5.66221956311425e-16
shaft_B_alu_d55,55.0,71000.0,85.8460715329381,0.9215117402283437,1.8043059906574797,1,exact,0.5900602574191273,0.590060257419127,2.220446049250313e-16,3.763083551775464e-16
shaft_B_alu_d55,55.0,71000.0,85.8460715329381,0.9215117402283437,1.8043059906574797,2,single_point,1.1678779350570847,1.1678779350570858,1.1102230246251565e-15,9.506327598961693e-16
shaft_B_alu_d55,55.0,71000.0,85.8460715329381,0.9215117402283437,1.8043059906574797,2,exact,0.9678159194990369,0.9678159194990368,1.1102230246251565e-16,1.1471427595444317e-16
shaft_B_alu_d55,55.0,71000.0,64.54012075030523,1.6303549902561052,1.3564991900980856,1,single_point,1.1575887475640267,1.1575887475640263,4.440892098500626e-16,3.8363297050406066e-16
shaft_B_alu_d55,55.0,71000.0,64.54012075030523,1.6303549902561052,1.3564991900980856,1,exact,0.8724561313284604,0.8724561313284603,1.1102230246251565e-16,1.272525901026859e-16
shaft_B_alu_d55,55.0,71000.0,64.54012075030523,1.6303549902561052,1.3564991900980856,2,single_point,1.345088747564025,1.3450887475640263,1.3322676295501878e-15,9.904681991897876e-16
shaft_B_alu_d55,55.0,71000.0,64.54012075030523,1.6303549902561052,1.3564991900980856,2,exact,1.220444730229791,1.2204447302297898,1.1102230246251565e-15,9.096872616395497e-16
shaft_B_alu_d55,55.0,71000.0,48.52204780117113,2.8844530983342014,1.0198325906274035,1,single_point,1.4711132745835502,1.4711132745835505,2.220446049250313e-16,1.509364430063271e-16
shaft_B_alu_d55,55.0,71000.0,48.52204780117113,2.8844530983342014,1.0198325906274035,1,exact,1.2780359015238454,1.2780359015238452,2.220446049250313e-16,1.7373894165279712e-16
shaft_B_alu_d55,55.0,71000.0,48.52204780117113,2.8844530983342014,1.0198325906274035,2,single_point,1.6586132745835498,1.6586132745835505,6.661338147750939e-16,4.0162093538190737e-16
shaft_B_alu_d55,55.0,71000.0,48.52204780117113,2.8844530983342014,1.0198325906274035,2,exact,1.5838394647203362,1.5838394647203375,1.3322676295501878e-15,8.4116329920181e-16
shaft_B_alu_d55,55.0,71000.0,36.4794657253256,5.103225816595202,0.7667225461672385,1,single_point,2.0258064541488006,2.0258064541488006,0.0,0.0
shaft_B_alu_d55,55.0,71000.0,36.4794657253256,5.103225816595202,0.7667225461672385,1,exact,1.9029206192579,1.9029206192579,0.0,0.0
shaft_B_alu_d55,55.0,71000.0,36.4794657253256,5.103225816595202,0.7667225461672385,2,single_point,2.213306454148803,2.2133064541488006,2.220446049250313e-15,1.0032257598526989e-15
shaft_B_alu_d55,55.0,71000.0,36.4794657253256,5.103225816595202,0.7667225461672385,2,exact,2.169524441577348,2.169524441577347,8.881784197001252e-16,4.0938852896922307e-16
shaft_B_alu_d55,55.0,71000.0,27.425706043121423,9.028718043709494,0.5764313360877379,1,single_point,3.007179510927373,3.0071795109273736,4.440892098500626e-16,1.4767632202745073e-16
shaft_B_alu_d55,55.0,71000.0,27.425706043121423,9.028718043709494,0.5764313360877379,1,exact,2.932394279481921,2.932394279481921,0.0,0.0
shaft_B_alu_d55,55.0,71000.0,27.425706043121423,9.028718043709494,0.5764313360877379,2,single_point,3.1946795109273713,3.1946795109273736,2.220446049250313e-15,6.950450089454346e-16
shaft_B_alu_d55,55.0,71000.0,27.425706043121423,9.028718043709494,0.5764313360877379,2,exact,3.169420094820973,3.1694200948209756,2.6645352591003757e-15,8.407011943460533e-16
shaft_B_alu_d55,55.0,71000.0,20.6189793904114,15.973768836118778,0.4333680897801839,1,single_point,4.743442209029696,4.743442209029695,8.881784197001252e-16,1.872434364245809e-16
shaft_B_alu_d55,55.0,71000.0,20.6189793904114,15.973768836118778,0.4333680897801839,1,exact,4.699256382815068,4.699256382815067,8.881784197001252e-16,1.8900403539337563e-16
shaft_B_alu_d55,55.0,71000.0,20.6189793904114,15.973768836118778,0.4333680897801839,2,single_point,4.930942209029698,4.930942209029695,3.552713678800501e-15,7.204938788969502e-16
shaft_B_alu_d55,55.0,71000.0,20.6189793904114,15.973768836118778,0.4333680897801839,2,exact,4.916495812365176,4.916495812365177,8.881784197001252e-16,1.8065273593162068e-16
shaft_B_alu_d55,55.0,71000.0,15.50159950062028,28.261076444571938,0.32581140108444634,1,single_point,7.815269111142984,7.815269111142984,0.0,0.0
shaft_B_alu_d55,55.0,71000.0,15.50159950062028,28.261076444571938,0.32581140108444634,1,exact,7.789637791617857,7.789637791617858,8.881784197001252e-16,1.140205030657345e-16
shaft_B_alu_d55,55.0,71000.0,15.50159950062028,28.261076444571938,0.32581140108444634,2,single_point,8.002769111142982,8.002769111142985,3.552713678800501e-15,4.43935546491493e-16
shaft_B_alu_d55,55.0,71000.0,15.50159950062028,28.261076444571938,0.32581140108444634,2,exact,7.99454862180244,7.994548621802442,2.6645352591003757e-15,3.332940213577227e-16
shaft_B_alu_d55,55.0,71000.0,11.654291055229399,50.0,0.2449489742783178,1,single_point,13.250000000000002,13.25,1.7763568394002505e-15,1.340646671245472e-16
shaft_B_alu_d55,55.0,71000.0,11.654291055229399,50.0,0.2449489742783178,1,exact,13.235294117647058,13.235294117647058,0.0,0.0
shaft_B_alu_d55,55.0,71000.0,11.654291055229399,50.0,0.2449489742783178,2,single_point,13.437500000000002,13.4375,1.7763568394002505e-15,1.321939973507163e-16
shaft_B_alu_d55,55.0,71000.0,11.654291055229399,50.0,0.2449489742783178,2,exact,13.432835820895512,13.432835820895523,1.0658141036401503e-14,7.934393882654452e-16
